Workbook

Sheet LD-ELFA
D1: (Atualização de Carga) LISTA DE DOCUMENTOS
A4: ITEM | B4: OSE | C4: DISCIPLINA | D4: TIPO DOCUMENTO | E4: REVDOC_ID | F4: Nº DOCUMENTO EMPRESA | G4: REV.: EMPRESA | H4: Nº DOCUMENTO CLIENTE | I4: REV.: CLIENTE | J4: FORMATO | K4: A1EQ | L4: FOLHAS | M4: AVANÇO FÍSICO | N4: FINALIDADE | O4: TITULO 1 | P4: TITULO 2 | Q4: TITULO 3 | R4: TITULO 4 | S4: TITULO 5 | T4: Nº GRD EMISSÃO | U4: DATA GRD EMISSÃO | V4: FINALIDADE RETORNO | W4: DATA COMENTARIO CLIENTE | X4: STATUS DO DOCUMENTO (Incluído, Conforme Aprovado ou Cancelado) | Y4: ITEM ESPEC. COD. | Z4: ID CRONOGRAMA | AA4: INICIO BL | AB4: EM. INICIAL BL | AC4: INÍCIO TENDÊNCIA | AD4: EMISSÃO INICIAL TENDÊNCIA | AE4: RETORNO CLIENTE | AF4: EMISSÃO FINAL TENDÊNCIA | AG4: INICIO REAL | AH4: REV SE | AI4: FORMATO BL | AJ4: Nº FOLHAS BL | AK4: A1EQ BL | AL4: DATA PERÍODO DE MEDIÇÃO | AM4: DATA AUXILIAR 1 | AN4: DATA AUXILIAR 2 | AO4: LOCAL | AP4: ITEM MEDIÇÃO | AQ4: AVANÇO FINANCEIRO | AR4: AVANÇO FINANCEIRO ACUMULADO | AS4: HORAS BL | AT4: HORAS EXECUTADAS | AU4: R$ BL | AV4: R$ REAL | AW4: OBSERVAÇÃO | AX4: PROVEDOR EXTERNO | AY4: STATUS PENDÊNCIA | AZ4: PENDÊNCIA | BA4: ORIGEM DOC | BB4: STATUS EXECUÇÂO | BC4: DATA PREVISTA EMISSÃO
A5: 1 | C5: AI - Automacao E Instrumentacao | D5: DPR - Diagrama De Projeto | E5: 93b23800-e180-492f-b873-8073e0dc14dd | F5: BL1132-0001-AI-DPR-2002 | G5: 0 | H5: DE-A1-2000-J-PB-0002 | I5: carol | J5: carol | K5: carol | L5: carol | M5: carol | N5: carol | O5: carol | P5: carol | Q5: carol | R5: carol | S5: carol | T5: carol | U5: carol | V5: carol | W5: carol | X5: carol | Y5: carol | Z5: carol | AA5: carol | AB5: carol | AC5: carol | AD5: carol | AE5: carol | AF5: carol | AG5: carol | AH5: carol | AI5: carol | AJ5: carol | AK5: carol | AL5: carol | AM5: carol | AN5: carol | AO5: carol | AP5: carol | AQ5: carol | AR5: carol | AS5: carol | AT5: carol | AU5: carol | AV5: carol | AW5: carol | AX5: carol | AY5: carol | AZ5: carol | BA5: carol | BB5: carol | BC5: carol
A6: 2 | C6: AI - Automacao E Instrumentacao | D6: DPR - Diagrama De Projeto | E6: 58f7e9fc-748a-4e5b-aee0-21bd92766a9a | F6: BL1132-0001-AI-DPR-2003 | G6: 0 | H6: DE-A1-2000-J-PB-0003 | J6: A1 | K6: 1 | L6: 1 | M6: 0.2 | O6: PROJETO BÁSICO | P6: SISTEMA AUTOMAÇÃO/COMUM | Q6: DIAGRAMA DE CONFIGURAÇÃO SAS/SGE | X6: Conforme Proposto | Z6: 731 | AA6: 46212 | AB6: 46217 | AC6: 46212 | AD6: 46217 | AE6: 46227 | AF6: 46232 | AG6: 46212 | AH6: 0 | AK6: 0 | AL6: carol | AM6: carol | AN6: carol | AO6: Belo Horizonte | AP6: N.A | AQ6: carol | AR6: carol | AT6: 8:00 | AU6: carol | AV6: carol | AW6: carol | AX6: N/A - NÃO SE APLICA | AY6: carol | AZ6: carol | BA6: 2D | BB6: A | BC6: carol
A7: 3 | C7: AI - Automacao E Instrumentacao | D7: DPR - Diagrama De Projeto | E7: a8dbe6d4-e801-4fb6-b2a3-5150eecfb749 | F7: BL1132-0001-AI-DPR-2004 | G7: 0 | H7: DE-A1-2000-J-PB-0004 | J7: A1 | K7: 1 | L7: 1 | M7: 0 | O7: PROJETO BÁSICO | P7: OUTROS SISTEMAS | Q7: DIAGRAMA DE CONFIGURAÇÃO DE TELECOM | R7: SDACI | X7: Conforme Proposto | Z7: 849 | AA7: 46247 | AB7: 46252 | AC7: 46247 | AD7: 46252 | AE7: 46262 | AF7: 46267 | AH7: 0 | AK7: 0 | AL7: carol | AM7: carol | AN7: carol | AO7: Belo Horizonte | AP7: N.A | AQ7: carol | AR7: carol | AU7: carol | AV7: carol | AW7: carol | AX7: N/A - NÃO SE APLICA | AY7: carol | AZ7: carol | BA7: 2D | BB7: A | BC7: carol
A8: 4 | C8: AI - Automacao E Instrumentacao | D8: DPR - Diagrama De Projeto | E8: c31b4d58-bf1b-436a-ae07-75cfb2d0c3fb | F8: BL1132-0001-AI-DPR-2005 | G8: 0 | H8: DE-A1-2000-J-PB-0005 | J8: A1 | K8: 1 | L8: 1 | M8: 0 | O8: PROJETO BÁSICO | P8: OUTROS SISTEMAS | Q8: DIAGRAMA DE CONFIGURAÇÃO DE TELECOM | R8: REDE DE DADOS E TELEFONIA | X8: Conforme Proposto | Z8: 900 | AA8: 46239 | AB8: 46244 | AC8: 46239 | AD8: 46244 | AE8: 46254 | AF8: 46259 | AH8: 0 | AK8: 0 | AL8: carol | AM8: carol | AN8: carol | AO8: Belo Horizonte | AP8: N.A | AQ8: carol | AR8: carol | AU8: carol | AV8: carol | AW8: carol | AX8: N/A - NÃO SE APLICA | AY8: carol | AZ8: carol | BA8: 2D | BB8: A | BC8: carol
A9: 5 | C9: AI - Automacao E Instrumentacao | D9: DPR - Diagrama De Projeto | E9: 6f79b2a4-dfeb-4c1a-9ca8-1cd80491b052 | F9: BL1132-0001-AI-DPR-2006 | G9: 0 | H9: DE-A1-2000-J-PB-0006 | J9: A1 | K9: 1 | L9: 1 | M9: 0 | O9: PROJETO BÁSICO | P9: OUTROS SISTEMAS | Q9: DIAGRAMA DE CONFIGURAÇÃO DE TELECOM | R9: SEGURANÇA PATRIMONIAL | X9: Inserido | Z9: 882 | AA9: 46233 | AB9: 46237 | AC9: 46233 | AD9: 46237 | AE9: 46247 | AF9: 46252 | AH9: 0 | AK9: 0 | AL9: carol | AM9: carol | AN9: carol | AO9: Belo Horizonte | AP9: N.A | AQ9: carol | AR9: carol | AU9: carol | AV9: carol | AW9: carol | AX9: N/A - NÃO SE APLICA | AY9: carol | AZ9: carol | BA9: 2D | BB9: A | BC9: carol
A10: 6 | C10: AI - Automacao E Instrumentacao | D10: DPR - Diagrama De Projeto | E10: 08771502-7214-4041-ab84-fdcee2a18e3e | F10: BL1132-0001-AI-DPR-2007 | G10: 0 | H10: DE-A1-2000-J-PB-0007 | J10: A1 | K10: 1 | L10: 1 | M10: 0 | O10: PROJETO BÁSICO | P10: OUTROS SISTEMAS | Q10: DIAGRAMA DE CONFIGURAÇÃO DE TELECOM | R10: CFTV PROCESSO | X10: Inserido | Z10: 867 | AA10: 46227 | AB10: 46231 | AC10: 46227 | AD10: 46231 | AE10: 46241 | AF10: 46246 | AH10: 0 | AK10: 0 | AL10: carol | AM10: carol | AN10: carol | AO10: Belo Horizonte | AP10: N.A | AQ10: carol | AR10: carol | AU10: carol | AV10: carol | AW10: carol | AX10: N/A - NÃO SE APLICA | AY10: carol | AZ10: carol | BA10: 2D | BB10: A | BC10: carol
A11: 7 | C11: AI - Automacao E Instrumentacao | D11: DPR - Diagrama De Projeto | E11: 4641aae2-a3f0-4e7e-a3c8-4cadbd3dfe80 | F11: BL1132-0001-AI-DPR-2008 | G11: 0 | H11: DE-A1-2006-J-PB-0001 | J11: A1 | K11: 1 | L11: 1 | M11: 0 | O11: PROJETO BÁSICO | P11: OUTROS SISTEMAS | Q11: DIAGRAMA DE CONFIGURAÇÃO DE TELECOM | R11: BACKBONE TI | X11: Inserido | Z11: 910 | AA11: 46244 | AB11: 46247 | AC11: 46244 | AD11: 46247 | AE11: 46257 | AF11: 46262 | AH11: 0 | AK11: 0 | AL11: carol | AM11: carol | AN11: carol | AO11: Belo Horizonte | AP11: N.A | AQ11: carol | AR11: carol | AU11: carol | AV11: carol | AW11: carol | AX11: N/A - NÃO SE APLICA | AY11: carol | AZ11: carol | BA11: 2D | BB11: A | BC11: carol
A12: 8 | C12: AI - Automacao E Instrumentacao | D12: ETE - Especificação Técnica | E12: 6f4a2f84-aa94-4289-94d8-d52485445ebd | F12: BL1132-0001-AI-ETE-2001 | G12: 0 | H12: ET-A1-2000-J-PB-0002 | J12: A4 | K12: 2.5 | L12: 20 | M12: 0 | O12: PROJETO BÁSICO | P12: SISTEMA DE AUTOMAÇÃO/OUTROS SISTEMAS | Q12: ESPECIFICAÇÃO TÉCNICA | R12: SISTEMA DE CONTROLE E AUTOMAÇÃO | X12: Conforme Proposto | Z12: 756 | AA12: 46225 | AB12: 46226 | AC12: 46225 | AD12: 46226 | AE12: 46236 | AF12: 46241 | AH12: 0 | AK12: 0 | AL12: carol | AM12: carol | AN12: carol | AO12: Belo Horizonte | AP12: N.A | AQ12: carol | AR12: carol | AU12: carol | AV12: carol | AW12: carol | AX12: N/A - NÃO SE APLICA | AY12: carol | AZ12: carol | BA12: 2D | BB12: A | BC12: carol
A13: 9 | C13: AI - Automacao E Instrumentacao | D13: ETE - Especificação Técnica | E13: f3aa54ea-2f58-4ae8-a85a-1466608c1d05 | F13: BL1132-0001-AI-ETE-2002 | G13: 0 | H13: ET-A1-2006-J-PB-0002 | J13: A4 | K13: 2 | L13: 16 | M13: 0 | O13: PROJETO BÁSICO | P13: SISTEMA DE AUTOMAÇÃO/OUTROS SISTEMAS | Q13: ESPECIFICAÇÃO TÉCNICA | R13: SDACI | X13: Conforme Proposto | Z13: 859 | AA13: 46248 | AB13: 46252 | AC13: 46248 | AD13: 46252 | AE13: 46262 | AF13: 46267 | AH13: 0 | AK13: 0 | AL13: carol | AM13: carol | AN13: carol | AO13: Belo Horizonte | AP13: N.A | AQ13: carol | AR13: carol | AU13: carol | AV13: carol | AW13: carol | AX13: N/A - NÃO SE APLICA | AY13: carol | AZ13: carol | BA13: 2D | BB13: A | BC13: carol
A14: 10 | C14: AI - Automacao E Instrumentacao | D14: ETE - Especificação Técnica | E14: 13d81575-8b3b-4ab2-9195-7d00258274e4 | F14: BL1132-0001-AI-ETE-2003 | G14: 0 | H14: ET-A1-2006-J-PB-0004 | J14: A4 | K14: 2 | L14: 16 | M14: 0 | O14: PROJETO BÁSICO | P14: SISTEMA DE AUTOMAÇÃO/OUTROS SISTEMAS | Q14: ESPECIFICAÇÃO TÉCNICA | R14: SEGURANÇA PATRIMONIAL | X14: Conforme Proposto | Z14: 892 | AA14: 46237 | AB14: 46239 | AC14: 46237 | AD14: 46239 | AE14: 46249 | AF14: 46254 | AH14: 0 | AK14: 0 | AL14: carol | AM14: carol | AN14: carol | AO14: Belo Horizonte | AP14: N.A | AQ14: carol | AR14: carol | AU14: carol | AV14: carol | AW14: carol | AX14: N/A - NÃO SE APLICA | AY14: carol | AZ14: carol | BA14: 2D | BB14: A | BC14: carol
A15: 11 | C15: AI - Automacao E Instrumentacao | D15: ETE - Especificação Técnica | E15: 413ef93f-e0a7-499a-8866-1d31806ce52e | F15: BL1132-0001-AI-ETE-2004 | G15: 0 | H15: ET-A1-2007-J-PB-0001 | J15: A4 | K15: 2 | L15: 16 | M15: 0 | O15: PROJETO BÁSICO | P15: MONITORAMENTO DE PROCESSO - CFTV | Q15: ESPECIFICAÇÃO TÉCNICA | R15: CFTV DE PROCESSO | X15: Conforme Proposto | Z15: 877 | AA15: 46231 | AB15: 46233 | AC15: 46231 | AD15: 46233 | AE15: 46243 | AF15: 46248 | AH15: 0 | AK15: 0 | AL15: carol | AM15: carol | AN15: carol | AO15: Belo Horizonte | AP15: N.A | AQ15: carol | AR15: carol | AU15: carol | AV15: carol | AW15: carol | AX15: N/A - NÃO SE APLICA | AY15: carol | AZ15: carol | BA15: 2D | BB15: A | BC15: carol
A16: 12 | C16: AI - Automacao E Instrumentacao | D16: FDA - Folha De Dados | E16: d100465d-5452-46bf-8060-843afa91e71a | F16: BL1132-0001-AI-FDA-2000 | G16: 0 | H16: FD-A1-2000-J-PB-0001 | J16: A4 | K16: 4 | L16: 32 | M16: 0 | O16: PROJETO BÁSICO | P16: SISTEMA AUTOMAÇÃO/COMUM | Q16: FOLHA DE DADOS | R16: BALANÇA RODOVIÁRIA | X16: Conforme Proposto | Z16: 766 | AA16: 46254 | AB16: 46255 | AC16: 46254 | AD16: 46255 | AE16: 46265 | AF16: 46270 | AH16: 0 | AK16: 0 | AL16: carol | AM16: carol | AN16: carol | AO16: Belo Horizonte | AP16: N.A | AQ16: carol | AR16: carol | AU16: carol | AV16: carol | AW16: carol | AX16: N/A - NÃO SE APLICA | AY16: carol | AZ16: carol | BA16: 2D | BB16: A | BC16: carol
A17: 13 | C17: AI - Automacao E Instrumentacao | D17: FDA - Folha De Dados | E17: 12cf9b7a-309b-41b9-8e38-8b7c8f1f1aac | F17: BL1132-0001-AI-FDA-2001 | G17: 0 | H17: FD-A1-2000-J-PB-0002 | J17: A4 | K17: 1 | L17: 8 | M17: 0 | O17: PROJETO BÁSICO | P17: SISTEMA AUTOMAÇÃO/COMUM | Q17: FOLHA DE DADOS | R17: SISTEMA SUPERVISÃO DE CONTROLE DE PROCESSOS | X17: Conforme Proposto | Z17: 741 | AA17: 46217 | AB17: 46220 | AC17: 46217 | AD17: 46220 | AE17: 46230 | AF17: 46235 | AH17: 0 | AK17: 0 | AL17: carol | AM17: carol | AN17: carol | AO17: Belo Horizonte | AP17: N.A | AQ17: carol | AR17: carol | AU17: carol | AV17: carol | AW17: carol | AX17: N/A - NÃO SE APLICA | AY17: carol | AZ17: carol | BA17: 2D | BB17: A | BC17: carol
A18: 14 | C18: AI - Automacao E Instrumentacao | D18: FDA - Folha De Dados | E18: bde1966a-d5ee-42e0-bf81-a6d8ab001854 | F18: BL1132-0001-AI-FDA-2002 | G18: 1 | H18: FD-A1-2000-J-PB-0003 | I18: 2 | J18: A4 | K18: 0.75 | L18: 6 | M18: 1 | N18: PARA COTAÇÃO | O18: PROJETO BÁSICO | P18: SISTEMA AUTOMAÇÃO/COMUM | Q18: FOLHA DE DADOS | R18: MEDIDOR DE NÍVEL TIPO RADAR | T18: 0021 | U18: 46210.679 | V18: APR - APROVADO | W18: 46212.67 | X18: Conforme Proposto | Z18: 691 | AA18: 46196 | AB18: 46199 | AD18: 46210.679 | AE18: 46210.679 | AF18: 46210.679 | AG18: 46190 | AK18: 0 | AL18: carol | AM18: carol | AN18: carol | AO18: Belo Horizonte | AP18: N.A | AQ18: carol | AR18: carol | AT18: 9:00 | AU18: carol | AV18: carol | AW18: carol | AX18: N/A - NÃO SE APLICA | AY18: carol | AZ18: carol | BA18: 2D | BB18: A | BC18: 46209
A19: 15 | C19: AI - Automacao E Instrumentacao | D19: FDA - Folha De Dados | E19: fa3902b2-8040-442c-bc93-74778ab47b8f | F19: BL1132-0001-AI-FDA-2003 | G19: 0 | H19: FD-A1-2000-J-PB-0004 | J19: A4 | K19: 4 | L19: 32 | M19: 0 | O19: PROJETO BÁSICO | P19: SISTEMA AUTOMAÇÃO/COMUM | Q19: FOLHA DE DADOS | R19: MEDIDOR DE VAZÃO MAGNÉTICO | X19: Conforme Proposto | Z19: 806 | AA19: 46259 | AB19: 46265 | AC19: 46259 | AD19: 46265 | AE19: 46275 | AF19: 46280 | AH19: 0 | AK19: 0 | AL19: carol | AM19: carol | AN19: carol | AO19: Belo Horizonte | AP19: N.A | AQ19: carol | AR19: carol | AU19: carol | AV19: carol | AW19: carol | AX19: N/A - NÃO SE APLICA | AY19: carol | AZ19: carol | BA19: 2D | BB19: A
A20: 16 | C20: AI - Automacao E Instrumentacao | D20: FDA - Folha De Dados | E20: f9cd5c0f-066e-4cbb-a664-54bbd9b158a6 | F20: BL1132-0001-AI-FDA-2004 | G20: 0 | H20: FD-A1-2000-J-PB-0005 | J20: A4 | K20: 1 | L20: 8 | M20: 0 | O20: PROJETO BÁSICO | P20: SISTEMA AUTOMAÇÃO/COMUM | Q20: FOLHA DE DADOS | R20: MEDIDOR DE TEMPERATURA | X20: Conforme Proposto | Z20: 811 | AA20: 46259 | AB20: 46265 | AC20: 46259 | AD20: 46265 | AE20: 46275 | AF20: 46280 | AH20: 0 | AK20: 0 | AL20: carol | AM20: carol | AN20: carol | AO20: Belo Horizonte | AP20: N.A | AQ20: carol | AR20: carol | AU20: carol | AV20: carol | AW20: carol | AX20: N/A - NÃO SE APLICA | AY20: carol | AZ20: carol | BA20: 2D | BB20: A
A21: 17 | C21: AI - Automacao E Instrumentacao | D21: FDA - Folha De Dados | E21: d9564a92-2ad7-45ff-a03a-bd12ec83597f | F21: BL1132-0001-AI-FDA-2005 | G21: 0 | H21: FD-A1-2000-J-PB-0006 | J21: A4 | K21: 1 | L21: 8 | M21: 0 | O21: PROJETO BÁSICO | P21: SISTEMA AUTOMAÇÃO/COMUM | Q21: FOLHA DE DADOS | R21: MEDIDOR DE PRESSÃO | X21: Conforme Proposto | Z21: 816 | AA21: 46265 | AB21: 46269 | AC21: 46265 | AD21: 46269 | AE21: 46279 | AF21: 46284 | AH21: 0 | AK21: 0 | AL21: carol | AM21: carol | AN21: carol | AO21: Belo Horizonte | AP21: N.A | AQ21: carol | AR21: carol | AU21: carol | AV21: carol | AW21: carol | AX21: N/A - NÃO SE APLICA | AY21: carol | AZ21: carol | BA21: 2D | BB21: A
A22: 18 | C22: AI - Automacao E Instrumentacao | D22: FDA - Folha De Dados | E22: 2418ad00-e84f-4341-aa91-e15a5d55465d | F22: BL1132-0001-AI-FDA-2006 | G22: 0 | H22: FD-A1-2000-J-PB-0007 | J22: A4 | K22: 1 | L22: 8 | M22: 0 | O22: PROJETO BÁSICO | P22: SISTEMA AUTOMAÇÃO/COMUM | Q22: FOLHA DE DADOS | R22: VÁLVULA AUTO-OPERADA | X22: Conforme Proposto | Z22: 781 | AA22: 46255 | AB22: 46258 | AC22: 46255 | AD22: 46258 | AE22: 46268 | AF22: 46273 | AH22: 0 | AK22: 0 | AL22: carol | AM22: carol | AN22: carol | AO22: Belo Horizonte | AP22: N.A | AQ22: carol | AR22: carol | AU22: carol | AV22: carol | AW22: carol | AX22: N/A - NÃO SE APLICA | AY22: carol | AZ22: carol | BA22: 2D | BB22: A
A23: 19 | C23: AI - Automacao E Instrumentacao | D23: FDA - Folha De Dados | E23: 53d77677-a0fa-422e-b85f-970c183db5db | F23: BL1132-0001-AI-FDA-2007 | G23: 0 | H23: FD-A1-2000-J-PB-0008 | J23: A4 | K23: 1 | L23: 8 | M23: 0 | O23: PROJETO BÁSICO | P23: SISTEMA AUTOMAÇÃO/COMUM | Q23: FOLHA DE DADOS | R23: VÁLVULA ON-OFF | X23: Conforme Proposto | Z23: 776 | AA23: 46255 | AB23: 46258 | AC23: 46255 | AD23: 46258 | AE23: 46268 | AF23: 46273 | AH23: 0 | AK23: 0 | AL23: carol | AM23: carol | AN23: carol | AO23: Belo Horizonte | AP23: N.A | AQ23: carol | AR23: carol | AU23: carol | AV23: carol | AW23: carol | AX23: N/A - NÃO SE APLICA | AY23: carol | AZ23: carol | BA23: 2D | BB23: A
A24: 20 | C24: AI - Automacao E Instrumentacao | D24: FDA - Folha De Dados | E24: e7444e53-3ead-4e66-984e-e3b4bece776a | F24: BL1132-0001-AI-FDA-2008 | G24: 0 | H24: FD-A1-2000-J-PB-0009 | J24: A4 | K24: 1 | L24: 8 | M24: 0 | O24: PROJETO BÁSICO | P24: SISTEMA AUTOMAÇÃO/COMUM | Q24: FOLHA DE DADOS | R24: BALANÇA INTEGRADORA | X24: Conforme Proposto | Z24: 831 | AA24: 46269 | AB24: 46275 | AC24: 46269 | AD24: 46275 | AE24: 46285 | AF24: 46290 | AH24: 0 | AK24: 0 | AL24: carol | AM24: carol | AN24: carol | AO24: Belo Horizonte | AP24: N.A | AQ24: carol | AR24: carol | AU24: carol | AV24: carol | AW24: carol | AX24: N/A - NÃO SE APLICA | AY24: carol | AZ24: carol | BA24: 2D | BB24: A
A25: 21 | C25: AI - Automacao E Instrumentacao | D25: FDA - Folha De Dados | E25: 73df8b89-ff29-4b64-8931-2e641d10fca8 | F25: BL1132-0001-AI-FDA-2009 | G25: 0 | H25: FD-A1-2000-J-PB-0010 | J25: A4 | K25: 1 | L25: 8 | M25: 0 | O25: PROJETO BÁSICO | P25: SISTEMA AUTOMAÇÃO/COMUM | Q25: FOLHA DE DADOS | R25: ANALISADOR DE CONDUTIVIDADE | X25: Conforme Proposto | Z25: 836 | AA25: 46269 | AB25: 46275 | AC25: 46269 | AD25: 46275 | AE25: 46285 | AF25: 46290 | AH25: 0 | AK25: 0 | AL25: carol | AM25: carol | AN25: carol | AO25: Belo Horizonte | AP25: N.A | AQ25: carol | AR25: carol | AU25: carol | AV25: carol | AW25: carol | AX25: N/A - NÃO SE APLICA | AY25: carol | AZ25: carol | BA25: 2D | BB25: A
A26: 22 | C26: AI - Automacao E Instrumentacao | D26: FDA - Folha De Dados | E26: 709744f9-8305-4d80-bb42-567b796ed6b3 | F26: BL1132-0001-AI-FDA-2010 | G26: 0 | H26: FD-A1-2000-J-PB-0011 | J26: A4 | K26: 1 | L26: 8 | M26: 0 | O26: PROJETO BÁSICO | P26: SISTEMA AUTOMAÇÃO/COMUM | Q26: FOLHA DE DADOS | R26: ANALISADOR DE pH | X26: Conforme Proposto | Z26: 841 | AA26: 46269 | AB26: 46275 | AC26: 46269 | AD26: 46275 | AE26: 46285 | AF26: 46290 | AH26: 0 | AK26: 0 | AL26: carol | AM26: carol | AN26: carol | AO26: Belo Horizonte | AP26: N.A | AQ26: carol | AR26: carol | AU26: carol | AV26: carol | AW26: carol | AX26: N/A - NÃO SE APLICA | AY26: carol | AZ26: carol | BA26: 2D | BB26: A
A27: 23 | C27: AI - Automacao E Instrumentacao | D27: FDA - Folha De Dados | E27: 1b1dfe55-42eb-4d37-a8d5-accd11dd0f6e | F27: BL1132-0001-AI-FDA-2011 | G27: 0 | H27: FD-A1-2000-J-PB-0012 | I27: 1 | J27: A4 | K27: 0.375 | L27: 3 | M27: 1 | N27: CANCELADO | O27: PROJETO BÁSICO | P27: SISTEMA AUTOMAÇÃO/COMUM | Q27: FOLHA DE DADOS | R27: CHAVE DE NÍVEL PORTINHOLA | T27: 0007 | U27: 46202.538 | V27: APR - APROVADO | W27: 46205.376 | X27: Conforme Proposto | Z27: 696 | AA27: 46199 | AB27: 46204 | AC27: 46197 | AD27: 46202.538 | AE27: 46202.538 | AF27: 46202.538 | AG27: 46191 | AH27: 0 | AK27: 0 | AL27: carol | AM27: carol | AN27: carol | AO27: Belo Horizonte | AP27: N.A | AQ27: carol | AR27: carol | AT27: 3:45 | AU27: carol | AV27: carol | AW27: carol | AX27: N/A - NÃO SE APLICA | AY27: carol | AZ27: carol | BA27: 2D | BB27: A
A28: 24 | C28: AI - Automacao E Instrumentacao | D28: FDA - Folha De Dados | E28: c74e302c-cc1e-449e-8474-6bc5aa09110d | F28: BL1132-0001-AI-FDA-2012 | G28: 0 | H28: FD-A1-2000-J-PB-0013 | J28: A4 | K28: 1 | L28: 8 | M28: 0.2 | O28: PROJETO BÁSICO | P28: SISTEMA AUTOMAÇÃO/COMUM | Q28: FOLHA DE DADOS | R28: MANÔMETRO | X28: Conforme Proposto | Z28: 826 | AA28: 46269 | AB28: 46275 | AC28: 46269 | AD28: 46275 | AE28: 46285 | AF28: 46290 | AG28: 46191 | AH28: 0 | AK28: 0 | AL28: carol | AM28: carol | AN28: carol | AO28: Belo Horizonte | AP28: N.A | AQ28: carol | AR28: carol | AT28: 3:00 | AU28: carol | AV28: carol | AW28: carol | AX28: N/A - NÃO SE APLICA | AY28: carol | AZ28: carol | BA28: 2D | BB28: A
A29: 25 | C29: AI - Automacao E Instrumentacao | D29: FDA - Folha De Dados | E29: 3ebcff8f-94ff-45a2-b3d0-148876939917 | F29: BL1132-0001-AI-FDA-2013 | G29: 0 | H29: FD-A1-2000-J-PB-0014 | I29: 1 | J29: A4 | K29: 1.125 | L29: 9 | M29: 0.9 | N29: PARA APROVAÇÃO | O29: PROJETO BÁSICO | P29: SISTEMA AUTOMAÇÃO/COMUM | Q29: FOLHA DE DADOS | R29: PAINEL PNEUMÁTICO | T29: 0021 | U29: 46210.679 | V29: APC-L - APC-L - Aprovado com Comentários (Retornar Aprovado) | W29: 46213.602 | X29: Conforme Proposto | Z29: 716 | AA29: 46204 | AB29: 46209 | AC29: 46204 | AD29: 46210.679 | AE29: 46220.679 | AF29: 46225.679 | AG29: 46203 | AH29: 0 | AK29: 0 | AL29: carol | AM29: carol | AN29: carol | AO29: Belo Horizonte | AP29: N.A | AQ29: carol | AR29: carol | AT29: 11:15 | AU29: carol | AV29: carol | AW29: carol | AX29: N/A - NÃO SE APLICA | AY29: carol | AZ29: carol | BA29: 2D | BB29: A
A30: 26 | C30: AI - Automacao E Instrumentacao | D30: FDA - Folha De Dados | E30: d257d034-3eb6-4f21-a21e-94a7f937f2d0 | F30: BL1132-0001-AI-FDA-2014 | G30: 1 | H30: FD-A1-2000-J-PB-0015 | I30: 2 | J30: A4 | K30: 0.5 | L30: 4 | M30: 1 | N30: CANCELADO | O30: PROJETO BÁSICO | P30: SISTEMA AUTOMAÇÃO/COMUM | Q30: FOLHA DE DADOS | R30: SENSOR DE POSIÇÃO | T30: 0021 | U30: 46210.679 | V30: CLD - CANCELADO | W30: 46212.679 | X30: Conforme Proposto | Z30: 701 | AA30: 46199 | AB30: 46204 | AD30: 46210.679 | AE30: 46210.679 | AF30: 46210.679 | AG30: 46192 | AK30: 0 | AL30: carol | AM30: carol | AN30: carol | AO30: Belo Horizonte | AP30: N.A | AQ30: carol | AR30: carol | AT30: 6:00 | AU30: carol | AV30: carol | AW30: carol | AX30: N/A - NÃO SE APLICA | AY30: carol | AZ30: carol | BA30: 2D | BB30: A | BC30: 46209
A31: 27 | C31: AI - Automacao E Instrumentacao | D31: FDA - Folha De Dados | E31: 19839216-f05b-48e6-b1f9-6149c042bf7a | F31: BL1132-0001-AI-FDA-2015 | G31: 1 | H31: FD-A1-2000-J-PB-0016 | I31: 2 | J31: A4 | K31: 0.375 | L31: 3 | M31: 1 | N31: PARA COTAÇÃO | O31: PROJETO BÁSICO | P31: SISTEMA AUTOMAÇÃO/COMUM | Q31: FOLHA DE DADOS | R31: SINALIZADOR LUMINOSO | T31: 0033 | U31: 46213.7 | X31: Conforme Proposto | Z31: 706 | AA31: 46204 | AB31: 46209 | AD31: 46213.7 | AE31: 46213.7 | AF31: 46213.7 | AG31: 46199 | AK31: 0 | AL31: carol | AM31: carol | AN31: carol | AO31: Belo Horizonte | AP31: N.A | AQ31: carol | AR31: carol | AT31: 5:00 | AU31: carol | AV31: carol | AW31: carol | AX31: N/A - NÃO SE APLICA | AY31: carol | AZ31: carol | BA31: 2D | BB31: A
A32: 28 | C32: AI - Automacao E Instrumentacao | D32: FDA - Folha De Dados | E32: 87c357dd-e204-4c4e-8fa4-31aeda8d06c8 | F32: BL1132-0001-AI-FDA-2016 | G32: 0 | H32: FD-A1-2000-J-PB-0017 | J32: A4 | K32: 1 | L32: 8 | M32: 0 | O32: PROJETO BÁSICO | P32: SISTEMA AUTOMAÇÃO/COMUM | Q32: FOLHA DE DADOS | R32: VÁLVULA DE ALÍVIO DE PRESSÃO | X32: Conforme Proposto | Z32: 786 | AA32: 46258 | AB32: 46259 | AC32: 46258 | AD32: 46259 | AE32: 46269 | AF32: 46274 | AH32: 0 | AK32: 0 | AL32: carol | AM32: carol | AN32: carol | AO32: Belo Horizonte | AP32: N.A | AQ32: carol | AR32: carol | AU32: carol | AV32: carol | AW32: carol | AX32: N/A - NÃO SE APLICA | AY32: carol | AZ32: carol | BA32: 2D | BB32: A
A33: 29 | C33: AI - Automacao E Instrumentacao | D33: FDA - Folha De Dados | E33: 353a3859-66b1-4af6-9ff4-dad49e08fb4c | F33: BL1132-0001-AI-FDA-2017 | G33: 0 | H33: FD-A1-2000-J-PB-0018 | J33: A4 | K33: 1 | L33: 8 | M33: 0 | O33: PROJETO BÁSICO | P33: SISTEMA AUTOMAÇÃO/COMUM | Q33: FOLHA DE DADOS | R33: VÁLVULA DE CONTROLE - ESFERA | X33: Conforme Proposto | Z33: 771 | AA33: 46254 | AB33: 46255 | AC33: 46254 | AD33: 46255 | AE33: 46265 | AF33: 46270 | AH33: 0 | AK33: 0 | AL33: carol | AM33: carol | AN33: carol | AO33: Belo Horizonte | AP33: N.A | AQ33: carol | AR33: carol | AU33: carol | AV33: carol | AW33: carol | AX33: N/A - NÃO SE APLICA | AY33: carol | AZ33: carol | BA33: 2D | BB33: A
A34: 30 | C34: AI - Automacao E Instrumentacao | D34: FDA - Folha De Dados | E34: 9f6dca80-0bd8-4984-8778-ea9281243dbb | F34: BL1132-0001-AI-FDA-2018 | G34: 0 | H34: FD-A1-2000-J-PB-0019 | J34: A4 | K34: 1 | L34: 8 | M34: 0 | O34: PROJETO BÁSICO | P34: SISTEMA AUTOMAÇÃO/COMUM | Q34: FOLHA DE DADOS | R34: VÁLVULA DILÚVIO | X34: Conforme Proposto | Z34: 791 | AA34: 46258 | AB34: 46259 | AC34: 46258 | AD34: 46259 | AE34: 46269 | AF34: 46274 | AH34: 0 | AK34: 0 | AL34: carol | AM34: carol | AN34: carol | AO34: Belo Horizonte | AP34: N.A | AQ34: carol | AR34: carol | AU34: carol | AV34: carol | AW34: carol | AX34: N/A - NÃO SE APLICA | AY34: carol | AZ34: carol | BA34: 2D | BB34: A
A35: 31 | C35: AI - Automacao E Instrumentacao | D35: FDA - Folha De Dados | E35: cd12ff6e-2f17-4650-988b-36e35f1975c1 | F35: BL1132-0001-AI-FDA-2019 | G35: 0 | H35: FD-A1-2000-J-PB-0020 | J35: A4 | K35: 1 | L35: 8 | M35: 0 | O35: PROJETO BÁSICO | P35: SISTEMA AUTOMAÇÃO/COMUM | Q35: FOLHA DE DADOS | R35: VÁLVULA GOVERNO E ALARME | X35: Conforme Proposto | Z35: 796 | AA35: 46258 | AB35: 46259 | AC35: 46258 | AD35: 46259 | AE35: 46269 | AF35: 46274 | AH35: 0 | AK35: 0 | AL35: carol | AM35: carol | AN35: carol | AO35: Belo Horizonte | AP35: N.A | AQ35: carol | AR35: carol | AU35: carol | AV35: carol | AW35: carol | AX35: N/A - NÃO SE APLICA | AY35: carol | AZ35: carol | BA35: 2D | BB35: A
A36: 32 | C36: AI - Automacao E Instrumentacao | D36: FDA - Folha De Dados | E36: 57459f95-0d15-4ae0-a551-5b236654d61a | F36: BL1132-0001-AI-FDA-2020 | G36: 0 | H36: FD-A1-2000-J-PB-0021 | J36: A4 | K36: 1 | L36: 8 | M36: 0 | O36: PROJETO BÁSICO | P36: SISTEMA AUTOMAÇÃO/COMUM | Q36: FOLHA DE DADOS | R36: MEDIDOR DE VAZÃO VORTEX | X36: Conforme Proposto | Z36: 821 | AA36: 46265 | AB36: 46269 | AC36: 46265 | AD36: 46269 | AE36: 46279 | AF36: 46284 | AH36: 0 | AK36: 0 | AL36: carol | AM36: carol | AN36: carol | AO36: Belo Horizonte | AP36: N.A | AQ36: carol | AR36: carol | AU36: carol | AV36: carol | AW36: carol | AX36: N/A - NÃO SE APLICA | AY36: carol | AZ36: carol | BA36: 2D | BB36: A
A37: 33 | C37: AI - Automacao E Instrumentacao | D37: FDA - Folha De Dados | E37: 2e42e950-1b07-42f8-8442-da1626c10c30 | F37: BL1132-0001-AI-FDA-2021 | G37: 1 | H37: FD-A1-2000-J-PB-0022 | I37: 2 | J37: A4 | K37: 0.5 | L37: 4 | M37: 1 | N37: PARA COTAÇÃO | O37: PROJETO BÁSICO | P37: SISTEMA AUTOMAÇÃO/COMUM | Q37: FOLHA DE DADOS | R37: ANALISADOR CNA | T37: 0033 | U37: 46213.7 | X37: Conforme Proposto | Z37: 711 | AA37: 46204 | AB37: 46209 | AD37: 46213.7 | AE37: 46213.7 | AF37: 46213.7 | AG37: 46202 | AK37: 0 | AL37: carol | AM37: carol | AN37: carol | AO37: Belo Horizonte | AP37: N.A | AQ37: carol | AR37: carol | AT37: 5:00 | AU37: carol | AV37: carol | AW37: carol | AX37: N/A - NÃO SE APLICA | AY37: carol | AZ37: carol | BA37: 2D | BB37: A
A38: 34 | C38: AI - Automacao E Instrumentacao | D38: FDA - Folha De Dados | E38: 47ca7eb2-5fc4-4202-b471-b2f0f8da9c36 | F38: BL1132-0001-AI-FDA-2022 | G38: 0 | H38: FD-A1-2000-J-PB-0023 | J38: A4 | K38: 1 | L38: 8 | M38: 0 | O38: PROJETO BÁSICO | P38: SISTEMA AUTOMAÇÃO/COMUM | Q38: FOLHA DE DADOS | R38: VÁLVULA SOLENOIDE | X38: Conforme Proposto | Z38: 801 | AA38: 46254 | AB38: 46259 | AC38: 46254 | AD38: 46259 | AE38: 46269 | AF38: 46274 | AH38: 0 | AK38: 0 | AL38: carol | AM38: carol | AN38: carol | AO38: Belo Horizonte | AP38: N.A | AQ38: carol | AR38: carol | AU38: carol | AV38: carol | AW38: carol | AX38: N/A - NÃO SE APLICA | AY38: carol | AZ38: carol | BA38: 2D | BB38: A
A39: 35 | C39: AI - Automacao E Instrumentacao | D39: FDA - Folha De Dados | E39: 8a45a312-9775-454b-b191-694c288d92c2 | F39: BL1132-0001-AI-FDA-2023 | G39: 0 | H39: FD-A1-2004-J-PB-0001 | J39: A4 | K39: 1 | L39: 8 | M39: 0 | O39: PROJETO BÁSICO | P39: SISTEMA DE AUTOMAÇÃO / SISTEMA DE CONTROLE DE EMERGENCIA | Q39: FOLHA DE DADOS | R39: QDTI AUTOMAÇÃO | X39: Conforme Proposto | Z39: 751 | AA39: 46220 | AB39: 46225 | AC39: 46220 | AD39: 46225 | AE39: 46235 | AF39: 46240 | AH39: 0 | AK39: 0 | AL39: carol | AM39: carol | AN39: carol | AO39: Belo Horizonte | AP39: N.A | AQ39: carol | AR39: carol | AU39: carol | AV39: carol | AW39: carol | AX39: N/A - NÃO SE APLICA | AY39: carol | AZ39: carol | BA39: 2D | BB39: A
A40: 36 | C40: AI - Automacao E Instrumentacao | D40: FDA - Folha De Dados | E40: 44ad82cf-3d85-4c2a-98bb-c7bfece87905 | F40: BL1132-0001-AI-FDA-2024 | G40: 0 | H40: FD-A1-2006-J-PB-0002 | J40: A4 | K40: 1 | L40: 8 | M40: 0 | O40: PROJETO BÁSICO | P40: SISTEMA AUTOMAÇÃO / OUTROS SISTEMAS | Q40: FOLHA DE DADOS | R40: SDACI | X40: Conforme Proposto | Z40: 854 | AA40: 46248 | AB40: 46252 | AC40: 46248 | AD40: 46252 | AE40: 46262 | AF40: 46267 | AH40: 0 | AK40: 0 | AL40: carol | AM40: carol | AN40: carol | AO40: Belo Horizonte | AP40: N.A | AQ40: carol | AR40: carol | AU40: carol | AV40: carol | AW40: carol | AX40: N/A - NÃO SE APLICA | AY40: carol | AZ40: carol | BA40: 2D | BB40: A
A41: 37 | C41: AI - Automacao E Instrumentacao | D41: FDA - Folha De Dados | E41: 64290157-6b96-496f-accb-c1cef7bb3c5a | F41: BL1132-0001-AI-FDA-2025 | G41: 0 | H41: FD-A1-2006-J-PB-0004 | J41: A4 | K41: 1 | L41: 8 | M41: 0 | O41: PROJETO BÁSICO | P41: SISTEMA AUTOMAÇÃO / OUTROS SISTEMAS | Q41: FOLHA DE DADOS | R41: AUTOMAÇÃO DE SUBESTAÇÕES | X41: Conforme Proposto | Z41: 746 | AA41: 46217 | AB41: 46220 | AC41: 46217 | AD41: 46220 | AE41: 46230 | AF41: 46235 | AH41: 0 | AK41: 0 | AL41: carol | AM41: carol | AN41: carol | AO41: Belo Horizonte | AP41: N.A | AQ41: carol | AR41: carol | AU41: carol | AV41: carol | AW41: carol | AX41: N/A - NÃO SE APLICA | AY41: carol | AZ41: carol | BA41: 2D | BB41: A
A42: 38 | C42: AI - Automacao E Instrumentacao | D42: FDA - Folha De Dados | E42: 7f4ba86a-68bd-44f4-8d3a-bbd5944ff4df | F42: BL1132-0001-AI-FDA-2026 | G42: 0 | H42: FD-A1-2006-J-PB-0005 | J42: A4 | K42: 1 | L42: 8 | M42: 0 | O42: PROJETO BÁSICO | P42: SISTEMA AUTOMAÇÃO / OUTROS SISTEMAS | Q42: FOLHA DE DADOS | R42: REDE DE DADOS E TELEFONIA | X42: Conforme Proposto | Z42: 905 | AA42: 46239 | AB42: 46244 | AC42: 46239 | AD42: 46244 | AE42: 46254 | AF42: 46259 | AH42: 0 | AK42: 0 | AL42: carol | AM42: carol | AN42: carol | AO42: Belo Horizonte | AP42: N.A | AQ42: carol | AR42: carol | AU42: carol | AV42: carol | AW42: carol | AX42: N/A - NÃO SE APLICA | AY42: carol | AZ42: carol | BA42: 2D | BB42: A
A43: 39 | C43: AI - Automacao E Instrumentacao | D43: FDA - Folha De Dados | E43: 52ab722c-cdaa-4e89-8ee8-9de468d2ab0c | F43: BL1132-0001-AI-FDA-2027 | G43: 0 | H43: FD-A1-2006-J-PB-0006 | J43: A4 | K43: 1 | L43: 8 | M43: 0 | O43: PROJETO BÁSICO | P43: SISTEMA AUTOMAÇÃO / OUTROS SISTEMAS | Q43: FOLHA DE DADOS | R43: SEGURANÇA PATRIMONIAL | X43: Conforme Proposto | Z43: 887 | AA43: 46237 | AB43: 46239 | AC43: 46237 | AD43: 46239 | AE43: 46249 | AF43: 46254 | AH43: 0 | AK43: 0 | AL43: carol | AM43: carol | AN43: carol | AO43: Belo Horizonte | AP43: N.A | AQ43: carol | AR43: carol | AU43: carol | AV43: carol | AW43: carol | AX43: N/A - NÃO SE APLICA | AY43: carol | AZ43: carol | BA43: 2D | BB43: A
A44: 40 | C44: AI - Automacao E Instrumentacao | D44: FDA - Folha De Dados | E44: 6941e479-99ca-4eca-a6db-64a5d120ad44 | F44: BL1132-0001-AI-FDA-2028 | G44: 0 | H44: FD-A1-2007-J-PB-0001 | J44: A4 | K44: 1 | L44: 8 | M44: 0 | O44: PROJETO BÁSICO | P44: SISTEMA AUTOMAÇÃO / MONITORAMENTO DE PROCESSO - CFTV | Q44: FOLHA DE DADOS | R44: CFTV DE PROCESSO | X44: Conforme Proposto | Z44: 872 | AA44: 46231 | AB44: 46233 | AC44: 46231 | AD44: 46233 | AE44: 46243 | AF44: 46248 | AH44: 0 | AK44: 0 | AL44: carol | AM44: carol | AN44: carol | AO44: Belo Horizonte | AP44: N.A | AQ44: carol | AR44: carol | AU44: carol | AV44: carol | AW44: carol | AX44: N/A - NÃO SE APLICA | AY44: carol | AZ44: carol | BA44: 2D | BB44: A
A45: 41 | C45: AI - Automacao E Instrumentacao | D45: FDA - Folha De Dados | E45: f2be6095-86b5-4dda-b768-37c9b46a4d27 | F45: BL1132-0001-AI-FDA-2029 | G45: 0 | H45: FD-A1-2008-J-PB-0001 | J45: A4 | K45: 1 | L45: 8 | M45: 0 | O45: PROJETO BÁSICO | P45: BACKBONE ÓPTICO | Q45: FOLHA DE DADOS | R45: INFRAESTRUTURA E BACKBONE | X45: Conforme Proposto | Z45: 915 | AA45: 46245 | AB45: 46247 | AC45: 46245 | AD45: 46247 | AE45: 46257 | AF45: 46262 | AH45: 0 | AK45: 0 | AL45: carol | AM45: carol | AN45: carol | AO45: Belo Horizonte | AP45: N.A | AQ45: carol | AR45: carol | AU45: carol | AV45: carol | AW45: carol | AX45: N/A - NÃO SE APLICA | AY45: carol | AZ45: carol | BA45: 2D | BB45: A
A46: 42 | C46: AI - Automacao E Instrumentacao | D46: FDA - Folha De Dados | E46: 6eb45464-2e0e-4aea-a889-2e4dbad07e93 | F46: BL1132-0001-AI-FDA-2037 | G46: 0 | H46: FD-A1-2000-J-PB-4000 | I46: A | J46: A4 | K46: 0.375 | L46: 3 | M46: 0.8 | N46: PARA APROVAÇÃO | O46: PROJETO BÁSICO | P46: SISTEMA AUTOMAÇÃO/COMUM | Q46: FOLHA DE DADOS | R46: CHAVE DE NÍVEL CAPACITIVA | T46: 0033 | U46: 46213.7 | X46: Inserido | AC46: 46209 | AD46: 46213.7 | AE46: 46223.7 | AF46: 46228.7 | AG46: 46202 | AH46: 0 | AK46: 0 | AL46: carol | AM46: carol | AN46: carol | AO46: Belo Horizonte | AP46: N.A | AQ46: carol | AR46: carol | AT46: 3:45 | AU46: carol | AV46: carol | AW46: carol | AX46: Usuário selecionou: Não há Provedor Externo | AY46: carol | AZ46: carol | BA46: 2D | BB46: A
A47: 43 | C47: AI - Automacao E Instrumentacao | D47: LEI - Lista De Equipamentos E Instrumentos | E47: 6e9a3c0c-449c-4f58-9c90-9a20a710f95c | F47: BL1132-0001-AI-LEI-2000 | G47: 0 | H47: LE-A1-2000-J-PB-0001 | J47: A4 | K47: 2.5 | L47: 20 | M47: 0.2 | O47: PROJETO BÁSICO | P47: SISTEMA AUTOMAÇÃO / COMUM | Q47: LISTA DE EQUIPAMENTOS DE AUTOMAÇÃO | X47: Conforme Proposto | Z47: 761 | AA47: 46226 | AB47: 46227 | AC47: 46226 | AD47: 46227 | AE47: 46237 | AF47: 46242 | AG47: 46188 | AH47: 0 | AK47: 0 | AL47: carol | AM47: carol | AN47: carol | AO47: Belo Horizonte | AP47: N.A | AQ47: carol | AR47: carol | AT47: 4:00 | AU47: carol | AV47: carol | AW47: carol | AX47: N/A - NÃO SE APLICA | AY47: carol | AZ47: carol | BA47: 2D | BB47: A
A48: 44 | C48: AI - Automacao E Instrumentacao | D48: LEI - Lista De Equipamentos E Instrumentos | E48: d3d3c8f4-6881-4807-a617-12e5d275dd5d | F48: BL1132-0001-AI-LEI-2001 | G48: 0 | H48: LE-A1-2006-J-PB-0001 | J48: A4 | K48: 1 | L48: 8 | M48: 0 | O48: PROJETO BÁSICO | P48: SISTEMA AUTOMAÇÃO / COMUM | Q48: LISTA DE EQUIPAMENTOS DE TELECOM | X48: Conforme Proposto | Z48: 920 | AA48: 46252 | AB48: 46254 | AC48: 46252 | AD48: 46254 | AE48: 46264 | AF48: 46269 | AH48: 0 | AK48: 0 | AL48: carol | AM48: carol | AN48: carol | AO48: Belo Horizonte | AP48: N.A | AQ48: carol | AR48: carol | AU48: carol | AV48: carol | AW48: carol | AX48: N/A - NÃO SE APLICA | AY48: carol | AZ48: carol | BA48: 2D | BB48: A
A49: 45 | C49: AI - Automacao E Instrumentacao | D49: LEI - Lista De Equipamentos E Instrumentos | E49: 0fdb9bbc-cb61-4bc2-93d7-4599a44e393b | F49: BL1132-0001-AI-LEI-2002 | G49: 0 | H49: LI-A1-2000-J-PB-0001 | I49: 1 | J49: A4 | K49: 12.125 | L49: 97 | M49: 0.9 | N49: PARA APROVAÇÃO | O49: PROJETO BÁSICO | P49: SISTEMA AUTOMAÇÃO / COMUM | Q49: LISTA DE INSTRUMENTOS | T49: 0005 | U49: 46199.699 | V49: APC-L - APC-L - Aprovado com Comentários (Retornar Aprovado) | W49: 46204.713 | X49: Conforme Proposto | Z49: 686 | AA49: 46182 | AB49: 46196 | AC49: 46182 | AD49: 46199.699 | AE49: 46209.699 | AF49: 46214.699 | AG49: 46191 | AH49: 0 | AK49: 0 | AL49: carol | AM49: carol | AN49: carol | AO49: Belo Horizonte | AP49: N.A | AQ49: carol | AR49: carol | AT49: 73:00 | AU49: carol | AV49: carol | AW49: carol | AX49: N/A - NÃO SE APLICA | AY49: carol | AZ49: carol | BA49: 2D | BB49: A
A50: 46 | C50: AI - Automacao E Instrumentacao | D50: RES - Relação De Entradas E Saídas | E50: 82af170d-4e2e-4d98-bf00-8fb5952b6580 | F50: BL1132-0001-AI-RES-2000 | G50: 0 | H50: RE-A1-2000-J-PB-0001 | J50: A4 | K50: 3 | L50: 24 | M50: 0 | O50: PROJETO BÁSICO | P50: SISTEMA AUTOMAÇÃO/COMUM | Q50: LISTA PRELIMINAR DE ENTRADAS E SAÍDAS | X50: Conforme Proposto | Z50: 736 | AA50: 46217 | AB50: 46220 | AC50: 46217 | AD50: 46220 | AE50: 46230 | AF50: 46235 | AH50: 0 | AK50: 0 | AL50: carol | AM50: carol | AN50: carol | AO50: Belo Horizonte | AP50: N.A | AQ50: carol | AR50: carol | AU50: carol | AV50: carol | AW50: carol | AX50: N/A - NÃO SE APLICA | AY50: carol | AZ50: carol | BA50: 2D | BB50: A
A51: 47 | C51: AR - Arquitetura | D51: CPR - Critério De Projeto | E51: ceb788c2-0a09-411a-8d75-988bf8076210 | F51: BL1132-0001-AR-CPR-2000 | G51: 2 | H51: CP-A1-1000-A-PB-0001 | I51: 5 | J51: A4 | K51: 3.375 | L51: 27 | M51: 1 | N51: PARA CONHECIMENTO | O51: PROJETO BÁSICO | P51: GERAL / COMUM | Q51: CRITÉRIOS DE PROJETO | R51: ARQUITETURA | T51: 0032 | U51: 46213.7 | X51: Conforme Proposto | Z51: 935 | AA51: 46192 | AB51: 46206 | AD51: 46213.7 | AE51: 46213.7 | AF51: 46213.7 | AG51: 46192 | AK51: 0 | AL51: carol | AM51: carol | AN51: carol | AO51: Belo Horizonte | AP51: N.A | AQ51: carol | AR51: carol | AT51: 9:30 | AU51: carol | AV51: carol | AW51: carol | AX51: Usuário selecionou: Não há Provedor Externo | AY51: carol | AZ51: carol | BA51: 2D | BB51: A | BC51: 46213
A52: 48 | C52: AR - Arquitetura | D52: DBA - Desenho Básico | E52: 0ab29970-f171-4d30-8661-6cd43bc51072 | F52: BL1132-0001-AR-DBA-2000 | G52: 0 | H52: DE-A1-1911-A-PB-4000 | J52: A1 | K52: 1 | L52: 1 | M52: 0 | O52: PROJETO BÁSICO | P52: SISTEMA ELÉTRICO / SUBESTAÇÃO SECUNDÁRIA 1 | Q52: PLANTA E CORTES | X52: Conforme Proposto | Z52: 581 | AA52: 46227 | AB52: 46232 | AC52: 46230 | AD52: 46233 | AE52: 46243 | AF52: 46248 | AH52: 0 | AK52: 0 | AL52: carol | AM52: carol | AN52: carol | AO52: Belo Horizonte | AP52: N.A | AQ52: carol | AR52: carol | AU52: carol | AV52: carol | AW52: carol | AY52: carol | AZ52: carol | BA52: 2D | BB52: A
A53: 49 | C53: AR - Arquitetura | D53: DBA - Desenho Básico | E53: 35fd2a7b-7438-49ed-9280-0ed72dda3be3 | F53: BL1132-0001-AR-DBA-2001 | G53: 0 | H53: DE-A1-1912-A-PB-4000 | J53: A1 | K53: 1 | L53: 1 | M53: 0 | O53: PROJETO BÁSICO | P53: SISTEMA ELÉTRICO / SUBESTAÇÃO SECUNDÁRIA 2 | Q53: PLANTA E CORTES | X53: Conforme Proposto | Z53: 622 | AA53: 46239 | AB53: 46244 | AC53: 46230 | AD53: 46233 | AE53: 46243 | AF53: 46248 | AH53: 0 | AK53: 0 | AL53: carol | AM53: carol | AN53: carol | AO53: Belo Horizonte | AP53: N.A | AQ53: carol | AR53: carol | AU53: carol | AV53: carol | AW53: carol | AY53: carol | AZ53: carol | BA53: 2D | BB53: A
A54: 50 | C54: AR - Arquitetura | D54: DBA - Desenho Básico | E54: f639094b-334d-4377-8103-12559d966186 | F54: BL1132-0001-AR-DBA-2002 | G54: 0 | H54: DE-A1-1913-A-PB-4000 | J54: A1 | K54: 1 | L54: 1 | M54: 0 | O54: PROJETO BÁSICO | P54: SISTEMA ELÉTRICO / SUBESTAÇÃO SECUNDÁRIA 3 | Q54: PLANTA E CORTES | X54: Conforme Proposto | Z54: 663 | AA54: 46251 | AB54: 46254 | AC54: 46230 | AD54: 46233 | AE54: 46243 | AF54: 46248 | AH54: 0 | AK54: 0 | AL54: carol | AM54: carol | AN54: carol | AO54: Belo Horizonte | AP54: N.A | AQ54: carol | AR54: carol | AU54: carol | AV54: carol | AW54: carol | AY54: carol | AZ54: carol | BA54: 2D | BB54: A
A55: 51 | C55: AR - Arquitetura | D55: DBA - Desenho Básico | E55: a7fc3d86-9371-4464-bc8c-1de83a0239eb | F55: BL1132-0001-AR-DBA-2003 | G55: 0 | H55: DE-A1-2201-A-PB-4000 | J55: A1 | K55: 1 | L55: 1 | M55: 0 | O55: PROJETO BÁSICO | P55: INSTALAÇÕES DE APOIO (ADMINISTRATIVAS) / ESCRITÓRIO CENTRAL / SALA DE CONTROLE / LABORATÓRIO | Q55: PLANTA E CORTES | X55: Conforme Proposto | Z55: 945 | AA55: 46206 | AB55: 46211 | AC55: 46211 | AD55: 46216 | AE55: 46226 | AF55: 46231 | AH55: 0 | AK55: 0 | AL55: carol | AM55: carol | AN55: carol | AO55: Belo Horizonte | AP55: N.A | AQ55: carol | AR55: carol | AU55: carol | AV55: carol | AW55: carol | AY55: carol | AZ55: carol | BA55: 2D | BB55: A
A56: 52 | C56: AR - Arquitetura | D56: DBA - Desenho Básico | E56: 29658dd1-ba5d-4bb1-8c53-82a61fcac538 | F56: BL1132-0001-AR-DBA-2004 | G56: 0 | H56: DE-A1-2202-A-PB-4000 | J56: A1 | K56: 1 | L56: 1 | M56: 0 | O56: PROJETO BÁSICO | P56: INSTALAÇÕES DE APOIO (ADMINISTRATIVAS) / VESTIÁRIO | Q56: PLANTA E CORTES | X56: Conforme Proposto | Z56: 1000 | AA56: 46211 | AB56: 46216 | AC56: 46216 | AD56: 46219 | AE56: 46229 | AF56: 46234 | AH56: 0 | AK56: 0 | AL56: carol | AM56: carol | AN56: carol | AO56: Belo Horizonte | AP56: N.A | AQ56: carol | AR56: carol | AU56: carol | AV56: carol | AW56: carol | AY56: carol | AZ56: carol | BA56: 2D | BB56: A
A57: 53 | C57: AR - Arquitetura | D57: DBA - Desenho Básico | E57: cb9be81c-9ef2-4b76-9b27-dace7461b7ed | F57: BL1132-0001-AR-DBA-2005 | G57: 0 | H57: DE-A1-2203-A-PB-4000 | J57: A1 | K57: 1 | L57: 1 | M57: 0 | O57: PROJETO BÁSICO | P57: INSTALAÇÕES DE APOIO (ADMINISTRATIVAS) / REFEITÓRIO | Q57: PLANTA E CORTES | X57: Conforme Proposto | Z57: 1012 | AA57: 46216 | AB57: 46219 | AC57: 46219 | AD57: 46224 | AE57: 46234 | AF57: 46239 | AH57: 0 | AK57: 0 | AL57: carol | AM57: carol | AN57: carol | AO57: Belo Horizonte | AP57: N.A | AQ57: carol | AR57: carol | AU57: carol | AV57: carol | AW57: carol | AY57: carol | AZ57: carol | BA57: 2D | BB57: A
A58: 54 | C58: AR - Arquitetura | D58: DBA - Desenho Básico | E58: d8bd6ca7-997c-4229-8d48-10ea240ed7c7 | F58: BL1132-0001-AR-DBA-2006 | G58: 0 | H58: DE-A1-2204-A-PB-4000 | J58: A1 | K58: 1 | L58: 1 | M58: 0 | O58: PROJETO BÁSICO | P58: INSTALAÇÕES DE APOIO (ADMINISTRATIVAS) / POSTO MÉDICO E BRIGADA DE INCÊNDIO | Q58: PLANTA E CORTES | X58: Inserido | Z58: 1024 | AA58: 46219 | AB58: 46224 | AC58: 46224 | AD58: 46227 | AE58: 46237 | AF58: 46242 | AH58: 0 | AK58: 0 | AL58: carol | AM58: carol | AN58: carol | AO58: Belo Horizonte | AP58: N.A | AQ58: carol | AR58: carol | AU58: carol | AV58: carol | AW58: carol | AY58: carol | AZ58: carol | BA58: 3D | BB58: A
A59: 55 | C59: AR - Arquitetura | D59: PQU - Planilha De Quantitativos | E59: 547f85ba-68b9-495e-9b01-aa0e1e977dd1 | F59: BL1132-0001-AR-PQU-2000 | G59: 0 | H59: PQ-A1-1000-C-PB-0800 | J59: A4 | K59: 1 | L59: 8 | M59: 0 | O59: PROJETO BÁSICO | P59: GERAL / COMUM | Q59: PLANILHA DE QUANTIDADES -PACOTE DE OBRAS CIVIS-ESCRITÓRIO CENTRAL / SALA DE CONTROLE E LABORATÓRIO | X59: Conforme Proposto | Z59: 950 | AA59: 46217 | AB59: 46231 | AC59: 46209 | AD59: 46223 | AE59: 46233 | AF59: 46238 | AH59: 0 | AK59: 0 | AL59: carol | AM59: carol | AN59: carol | AP59: N.A | AQ59: carol | AR59: carol | AU59: carol | AV59: carol | AW59: carol | AY59: carol | AZ59: carol | BA59: 2D | BB59: A
A60: 56 | C60: AR - Arquitetura | D60: PQU - Planilha De Quantitativos | E60: d7e01fb7-d06d-4f17-ba2d-4dac35715ace | F60: BL1132-0001-AR-PQU-2001 | G60: 0 | H60: PQ-A1-1000-C-PB-0801 | J60: A4 | K60: 1 | L60: 8 | M60: 0 | O60: PROJETO BÁSICO | P60: GERAL / COMUM | Q60: PLANILHA DE QUANTIDADES -PACOTE DE OBRAS CIVIS-VEST. / PAR. ÔNIBUS / REFEIT. / P. MÉDICO E B. INCÊNDIO | X60: Conforme Proposto | Z60: 955 | AA60: 46217 | AB60: 46231 | AC60: 46209 | AD60: 46223 | AE60: 46233 | AF60: 46238 | AH60: 0 | AK60: 0 | AL60: carol | AM60: carol | AN60: carol | AP60: N.A | AQ60: carol | AR60: carol | AU60: carol | AV60: carol | AW60: carol | AY60: carol | AZ60: carol | BA60: 2D | BB60: A
A61: 57 | C61: AR - Arquitetura | D61: RTE - Relatório Técnico | E61: e104c9d5-a8d5-4026-bdbe-8e81efbc1865 | F61: BL1132-0001-AR-RTE-2000 | G61: 0 | H61: RL-A1-1000-G-PB-0016 | J61: A4 | K61: 6.75 | L61: 54 | M61: 0 | O61: PROJETO BÁSICO | P61: GERAL / COMUM | Q61: RELATÓRIO DO SISTEMA DE PROTEÇÃO E COMBATE A INCÊNDIO | R61: CLASSIFICAÇÃO RISCO | X61: Inserido | Z61: 940 | AA61: 46192 | AB61: 46206 | AC61: 46220 | AD61: 46234 | AE61: 46244 | AF61: 46249 | AH61: 0 | AK61: 0 | AL61: carol | AM61: carol | AN61: carol | AO61: Belo Horizonte | AP61: N.A | AQ61: carol | AR61: carol | AU61: carol | AV61: carol | AW61: carol | AY61: carol | AZ61: carol | BA61: 2D | BB61: A
A62: 58 | C62: CC - Concreto | D62: DBA - Desenho Básico | E62: 91fd9d56-8800-46a3-8292-1d30d561ad94 | F62: BL1132-0001-CC-DBA-2000 | G62: 0 | H62: DE-A1-2303-C-PB-4000 | J62: A1 | K62: 1 | L62: 1 | M62: 0 | O62: PROJETO BÁSICO | P62: INFRAESTRUTURA / ACESSOS RODOVIÁRIOS | Q62: LOCAÇÃO E FORMA | R62: VIADUTO - SUPERESTRUTURA / TABULEIRO 1/4 | X62: Conforme Proposto | Z62: 1151 | AA62: 46244 | AB62: 46246 | AC62: 46244 | AD62: 46246 | AE62: 46256 | AF62: 46261 | AL62: carol | AM62: carol | AN62: carol | AP62: N.A | AQ62: carol | AR62: carol | AU62: carol | AV62: carol | AW62: carol | AY62: carol | AZ62: carol | BA62: 2D | BB62: A
A63: 59 | C63: CC - Concreto | D63: DBA - Desenho Básico | E63: fd331f60-ab4e-47ec-98c4-ebc2d9fd762b | F63: BL1132-0001-CC-DBA-2001 | G63: 0 | H63: DE-A1-2303-C-PB-4001 | J63: A1 | K63: 1 | L63: 1 | M63: 0 | O63: PROJETO BÁSICO | P63: INFRAESTRUTURA / ACESSOS RODOVIÁRIOS | Q63: LOCAÇÃO E FORMA | R63: VIADUTO - SUPERESTRUTURA / TABULEIRO 2/4 | X63: Conforme Proposto | Z63: 1156 | AA63: 46244 | AB63: 46246 | AC63: 46244 | AD63: 46246 | AE63: 46256 | AF63: 46261 | AL63: carol | AM63: carol | AN63: carol | AP63: N.A | AQ63: carol | AR63: carol | AU63: carol | AV63: carol | AW63: carol | AY63: carol | AZ63: carol | BA63: 2D | BB63: A
A64: 60 | C64: CC - Concreto | D64: DBA - Desenho Básico | E64: 3834e313-0a89-4d92-a92f-7b34a0b60dd6 | F64: BL1132-0001-CC-DBA-2002 | G64: 0 | H64: DE-A1-2303-C-PB-4002 | J64: A1 | K64: 1 | L64: 1 | M64: 0 | O64: PROJETO BÁSICO | P64: INFRAESTRUTURA / ACESSOS RODOVIÁRIOS | Q64: LOCAÇÃO E FORMA | R64: VIADUTO - SUPERESTRUTURA / TABULEIRO 3/4 | X64: Conforme Proposto | Z64: 1161 | AA64: 46244 | AB64: 46246 | AC64: 46244 | AD64: 46246 | AE64: 46256 | AF64: 46261 | AL64: carol | AM64: carol | AN64: carol | AP64: N.A | AQ64: carol | AR64: carol | AU64: carol | AV64: carol | AW64: carol | AY64: carol | AZ64: carol | BA64: 2D | BB64: A
A65: 61 | C65: CC - Concreto | D65: DBA - Desenho Básico | E65: f1629311-1ce7-46cb-9ae7-cff763c11b26 | F65: BL1132-0001-CC-DBA-2003 | G65: 0 | H65: DE-A1-2303-C-PB-4003 | J65: A1 | K65: 1 | L65: 1 | M65: 0 | O65: PROJETO BÁSICO | P65: INFRAESTRUTURA / ACESSOS RODOVIÁRIOS | Q65: LOCAÇÃO E FORMA | R65: VIADUTO - SUPERESTRUTURA / TABULEIRO 4/4 | X65: Conforme Proposto | Z65: 1166 | AA65: 46244 | AB65: 46246 | AC65: 46244 | AD65: 46246 | AE65: 46256 | AF65: 46261 | AL65: carol | AM65: carol | AN65: carol | AP65: N.A | AQ65: carol | AR65: carol | AU65: carol | AV65: carol | AW65: carol | AY65: carol | AZ65: carol | BA65: 2D | BB65: A
A66: 62 | C66: CC - Concreto | D66: DBA - Desenho Básico | E66: 344624b2-28c8-4bab-9006-4deab879c9f3 | F66: BL1132-0001-CC-DBA-2004 | G66: 0 | H66: DE-A1-2303-C-PB-4004 | J66: A1 | K66: 1 | L66: 1 | M66: 0.2 | O66: PROJETO BÁSICO | P66: INFRAESTRUTURA / ACESSOS RODOVIÁRIOS | Q66: LOCAÇÃO E FORMA | R66: VIADUTO - FUNDAÇÕES 1/2 | X66: Conforme Proposto | Z66: 1171 | AA66: 46244 | AB66: 46246 | AC66: 46244 | AD66: 46246 | AE66: 46256 | AF66: 46261 | AG66: 46189 | AL66: carol | AM66: carol | AN66: carol | AP66: N.A | AQ66: carol | AR66: carol | AT66: 7:00 | AU66: carol | AV66: carol | AW66: carol | AY66: carol | AZ66: carol | BA66: 2D | BB66: A
A67: 63 | C67: CC - Concreto | D67: DBA - Desenho Básico | E67: 898299c3-3a85-4940-b125-9574b71fa4c2 | F67: BL1132-0001-CC-DBA-2005 | G67: 0 | H67: DE-A1-2303-C-PB-4005 | J67: A1 | K67: 1 | L67: 1 | M67: 0 | O67: PROJETO BÁSICO | P67: INFRAESTRUTURA / ACESSOS RODOVIÁRIOS | Q67: LOCAÇÃO E FORMA | R67: VIADUTO - FUNDAÇÕES 2/2 | X67: Conforme Proposto | Z67: 1176 | AA67: 46244 | AB67: 46246 | AC67: 46244 | AD67: 46246 | AE67: 46256 | AF67: 46261 | AL67: carol | AM67: carol | AN67: carol | AP67: N.A | AQ67: carol | AR67: carol | AU67: carol | AV67: carol | AW67: carol | AY67: carol | AZ67: carol | BA67: 2D | BB67: A
A68: 64 | C68: CC - Concreto | D68: DBA - Desenho Básico | E68: ece36090-87b4-4ab9-8935-66174a1d60f6 | F68: BL1132-0001-CC-DBA-2006 | G68: 0 | H68: DE-A1-2303-C-PB-0001 | J68: A1 | K68: 1 | L68: 1 | M68: 0 | O68: PROJETO BÁSICO | P68: ACESSOS RODOVIÁRIOS | Q68: VIADUTO SOBRE ESTRADA DE FERRO CARAJÁS - ALTERNATIVA 1 | R68: PLANTA DE LOCAÇÃO E PERFIL - FORMA - PLANTA E CORTE - NIVEL BÁSICO | X68: Conforme Proposto | Z68: 1181 | AA68: 46244 | AB68: 46246 | AC68: 46244 | AD68: 46246 | AE68: 46256 | AF68: 46261 | AL68: carol | AM68: carol | AN68: carol | AP68: N.A | AQ68: carol | AR68: carol | AU68: carol | AV68: carol | AW68: carol | AY68: carol | AZ68: carol | BA68: 2D | BB68: A
A69: 65 | C69: CC - Concreto | D69: DBA - Desenho Básico | E69: 98214ebf-81b9-47b1-84ea-5169d141c873 | F69: BL1132-0001-CC-DBA-2007 | G69: 0 | H69: DE-A1-1000-C-PB-4000 | J69: A1 | K69: 1 | L69: 1 | M69: 0 | O69: PROJETO BÁSICO | P69: GERAL / COMUM | Q69: LOCAÇÃO E FORMA | R69: ESTRUTURAS DE CONCRETO - DRENAGEM FORÇADA | X69: Conforme Proposto | Z69: 225 | AA69: 46238 | AB69: 46241 | AC69: 46238 | AD69: 46241 | AE69: 46251 | AF69: 46256 | AL69: carol | AM69: carol | AN69: carol | AP69: N.A | AQ69: carol | AR69: carol | AU69: carol | AV69: carol | AW69: carol | AY69: carol | AZ69: carol | BA69: 2D | BB69: A
A70: 66 | C70: CC - Concreto | D70: MCA - Memória De Cálculo | E70: d7213aba-a3e4-4d48-b8b7-0aad275f9bcf | F70: BL1132-0001-CC-MCA-2000 | G70: 0 | H70: MC-A1-1911-C-PB-4000 | J70: A4 | K70: 3 | L70: 24 | M70: 0 | O70: PROJETO BÁSICO | P70: SISTEMA ELÉTRICO / SUBESTAÇÃO SECUNDÁRIA 1 | Q70: MEMÓRIA DE CÁLCULO | R70: ESTRUTURAS DE CONCRETO / FUNDAÇÕES | X70: Conforme Proposto | Z70: 587 | AA70: 46234 | AB70: 46241 | AC70: 46237 | AD70: 46244 | AE70: 46254 | AF70: 46259 | AH70: 0 | AK70: 0 | AL70: carol | AM70: carol | AN70: carol | AP70: N.A | AQ70: carol | AR70: carol | AU70: carol | AV70: carol | AW70: carol | AY70: carol | AZ70: carol | BA70: 2D | BB70: A
A71: 67 | C71: CC - Concreto | D71: MCA - Memória De Cálculo | E71: c767fc65-4758-4d4e-bbe0-c405b06a8104 | F71: BL1132-0001-CC-MCA-2001 | G71: 0 | H71: MC-A1-1912-C-PB-4000 | J71: A4 | K71: 3 | L71: 24 | M71: 0 | O71: PROJETO BÁSICO | P71: SISTEMA ELÉTRICO / SUBESTAÇÃO SECUNDÁRIA 2 | Q71: MEMÓRIA DE CÁLCULO | R71: ESTRUTURAS DE CONCRETO / FUNDAÇÕES | X71: Conforme Proposto | Z71: 628 | AA71: 46245 | AB71: 46251 | AC71: 46234 | AD71: 46240 | AE71: 46250 | AF71: 46255 | AH71: 0 | AK71: 0 | AL71: carol | AM71: carol | AN71: carol | AP71: N.A | AQ71: carol | AR71: carol | AU71: carol | AV71: carol | AW71: carol | AY71: carol | AZ71: carol | BA71: 2D | BB71: A
A72: 68 | C72: CC - Concreto | D72: MCA - Memória De Cálculo | E72: 6898cb78-536c-47e3-9477-839cdb20144e | F72: BL1132-0001-CC-MCA-2002 | G72: 0 | H72: MC-A1-1913-C-PB-4000 | J72: A4 | K72: 3 | L72: 24 | M72: 0.2 | O72: PROJETO BÁSICO | P72: SISTEMA ELÉTRICO / SUBESTAÇÃO SECUNDÁRIA 3 | Q72: MEMÓRIA DE CÁLCULO | R72: ESTRUTURAS DE CONCRETO / FUNDAÇÕES | X72: Conforme Proposto | Z72: 669 | AA72: 46254 | AB72: 46259 | AC72: 46233 | AD72: 46238 | AE72: 46248 | AF72: 46253 | AG72: 46212 | AH72: 0 | AK72: 0 | AL72: carol | AM72: carol | AN72: carol | AP72: N.A | AQ72: carol | AR72: carol | AT72: 5:30 | AU72: carol | AV72: carol | AW72: carol | AY72: carol | AZ72: carol | BA72: 2D | BB72: A
A73: 69 | C73: CC - Concreto | D73: MCA - Memória De Cálculo | E73: 34c41e5d-ef9e-436d-93a9-f6c03cc4c006 | F73: BL1132-0001-CC-MCA-2003 | G73: 0 | H73: MC-A1-1315-C-PB-4000 | J73: A4 | K73: 5 | L73: 40 | M73: 0 | O73: PROJETO BÁSICO | P73: ATIVAÇÃO / DOSAGEM E TRANSPORTE DE COMBUSTÍVEL MOIDO | Q73: MEMÓRIA DE CÁLCULO | R73: ESTRUTURAS ABASTECIMENTO VAGÕES - FUNDAÇÕES | X73: Conforme Proposto | Z73: 261 | AA73: 46232 | AB73: 46238 | AC73: 46232 | AD73: 46238 | AE73: 46248 | AF73: 46253 | AH73: 0 | AK73: 0 | AL73: carol | AM73: carol | AN73: carol | AP73: N.A | AQ73: carol | AR73: carol | AU73: carol | AV73: carol | AW73: carol | AY73: carol | AZ73: carol | BA73: 2D | BB73: A
A74: 70 | C74: CC - Concreto | D74: MCA - Memória De Cálculo | E74: 1d140deb-db38-4dbb-a570-f646d5e3aafb | F74: BL1132-0001-CC-MCA-2009 | G74: 0 | H74: MC-A1-1500-C-PB-4000 | J74: A4 | K74: 6 | L74: 48 | M74: 0 | O74: PROJETO BÁSICO | P74: MANUSEIO DE PRODUTO / COMUM | Q74: MEMÓRIA DE CÁLCULO | R74: FUNDAÇÕES - GALPÃO DE ENSACAMENTO / EXPEDIÇÃO / SILO / CARREGAMENTOS | X74: Conforme Proposto | Z74: 133 | AA74: 46247 | AB74: 46253 | AC74: 46220 | AD74: 46226 | AE74: 46236 | AF74: 46241 | AH74: 0 | AK74: 0 | AL74: carol | AM74: carol | AN74: carol | AP74: N.A | AQ74: carol | AR74: carol | AU74: carol | AV74: carol | AW74: carol | AY74: carol | AZ74: carol | BA74: 2D | BB74: A
A75: 71 | C75: CC - Concreto | D75: MCA - Memória De Cálculo | E75: b61d1168-685d-4b24-b5c2-cce11773d270 | F75: BL1132-0001-CC-MCA-2010 | G75: 0 | H75: MC-A1-1000-C-PB-4000 | J75: A4 | K75: 2 | L75: 16 | M75: 0 | O75: PROJETO BÁSICO | P75: GERAL / COMUM | Q75: MEMÓRIA DE CÁLCULO | R75: ESTRUTURAS DE CONCRETO - DRENAGEM FORÇADA | X75: Conforme Proposto | Z75: 215 | AA75: 46225 | AB75: 46230 | AC75: 46225 | AD75: 46230 | AE75: 46240 | AF75: 46245 | AH75: 0 | AK75: 0 | AL75: carol | AM75: carol | AN75: carol | AP75: N.A | AQ75: carol | AR75: carol | AU75: carol | AV75: carol | AW75: carol | AY75: carol | AZ75: carol | BA75: 2D | BB75: A
A76: 72 | C76: CC - Concreto | D76: MCA - Memória De Cálculo | E76: cefe04da-3056-44b2-8711-1618fc33c5e9 | F76: BL1132-0001-CC-MCA-2011 | G76: 0 | H76: MC-A1-2303-C-PB-0001 | J76: A4 | K76: 11 | L76: 88 | M76: 0 | O76: PROJETO BÁSICO | P76: ACESSOS RODOVIÁRIOS | Q76: MEMÓRIA DE CÁLCULO | R76: VIADUTO SOBRE ESTRADA DE FERRO CARAJÁS | X76: Conforme Proposto | Z76: 1186 | AA76: 46244 | AB76: 46246 | AC76: 46244 | AD76: 46246 | AE76: 46256 | AF76: 46261 | AH76: 0 | AK76: 0 | AL76: carol | AM76: carol | AN76: carol | AP76: N.A | AQ76: carol | AR76: carol | AU76: carol | AV76: carol | AW76: carol | AY76: carol | AZ76: carol | BA76: 2D | BB76: A
A77: 73 | C77: CC - Concreto | D77: MCA - Memória De Cálculo | E77: 4f9fb0c1-cf56-4562-b849-aa012564fc82 | F77: BL1132-0001-CC-MCA-2012 | G77: 0 | H77: MC-A1-1200-C-PB-0001 | J77: A4 | K77: 3 | L77: 24 | M77: 0 | O77: PROJETO BÁSICO | P77: BRITAGEM E HOMOGENEIZAÇÃO / COMUM | Q77: MEMÓRIA DE CÁLCULO | R77: TRANSPORTADOR E CASA DE TRANSFERÊNCIA | X77: Conforme Proposto | Z77: 178 | AA77: 46205 | AB77: 46211 | AC77: 46213 | AD77: 46219 | AE77: 46229 | AF77: 46234 | AH77: 0 | AK77: 0 | AL77: carol | AM77: carol | AN77: carol | AP77: N.A | AQ77: carol | AR77: carol | AU77: carol | AV77: carol | AW77: carol | AY77: carol | AZ77: carol | BA77: 2D | BB77: A
A78: 74 | C78: CC - Concreto | D78: MCA - Memória De Cálculo | E78: 26e0b807-b65a-4139-825b-5e2323c82751 | F78: BL1132-0001-CC-MCA-2108 | G78: 0 | H78: MC-A1-1201-C-PB-0001 | J78: A4 | K78: 12 | L78: 96 | M78: 0 | O78: PROJETO BÁSICO | P78: BRITAGEM E HOMOGENEIZAÇÃO / BRITAGEM | Q78: MEMÓRIA DE CÁLCULO | R78: BRITAGEM PRIMÁRIA | X78: Conforme Proposto | Z78: 183 | AA78: 46211 | AB78: 46217 | AC78: 46219 | AD78: 46225 | AE78: 46235 | AF78: 46240 | AH78: 0 | AK78: 0 | AL78: carol | AM78: carol | AN78: carol | AP78: N.A | AQ78: carol | AR78: carol | AU78: carol | AV78: carol | AW78: carol | AY78: carol | AZ78: carol | BA78: 2D | BB78: A
A79: 75 | C79: CC - Concreto | D79: MCA - Memória De Cálculo | E79: 206123a3-606b-4913-8c4f-b4368a68a186 | F79: BL1132-0001-CC-MCA-2109 | G79: 0 | H79: MC-A1-1800-C-PB-0001 | J79: A4 | K79: 4 | L79: 32 | M79: 0 | O79: PROJETO BÁSICO | P79: SISTEMA DE CAPTAÇÃO ESTOCAGEM E DISTRIBUIÇÃO DE ÁGUA BRUTA | Q79: MEMÓRIA DE CÁLCULO | R79: COMBATE INCENDIO E CX DE ÁGUA - TANQUE | X79: Conforme Proposto | Z79: 388 | AA79: 46238 | AB79: 46244 | AC79: 46219 | AD79: 46225 | AE79: 46235 | AF79: 46240 | AH79: 0 | AK79: 0 | AL79: carol | AM79: carol | AN79: carol | AP79: N.A | AQ79: carol | AR79: carol | AU79: carol | AV79: carol | AW79: carol | AY79: carol | AZ79: carol | BA79: 2D | BB79: A
A80: 76 | C80: CC - Concreto | D80: MCA - Memória De Cálculo | E80: dc39c857-801a-4099-8b69-d82d6ce33e44 | F80: BL1132-0001-CC-MCA-2110 | G80: 0 | H80: MC-A1-2304-C-PB-0001 | J80: A4 | K80: 6 | L80: 48 | M80: 0 | O80: PROJETO BÁSICO | P80: PIPE/CABLE RACK | Q80: MEMÓRIA DE CÁLCULO | R80: PIPE RACK / CABLE RACK | X80: Conforme Proposto | Z80: 1133 | AA80: 46260 | AB80: 46267 | AC80: 46260 | AD80: 46267 | AE80: 46277 | AF80: 46282 | AH80: 0 | AK80: 0 | AL80: carol | AM80: carol | AN80: carol | AP80: N.A | AQ80: carol | AR80: carol | AU80: carol | AV80: carol | AW80: carol | AY80: carol | AZ80: carol | BA80: 2D | BB80: A
A81: 77 | C81: CC - Concreto | D81: MCA - Memória De Cálculo | E81: 098f9ecb-69ac-4ed0-9c59-71eb903fe945 | F81: BL1132-0001-CC-MCA-2111 | G81: 0 | H81: MC-A1-1000-C-PB-0003 | J81: A4 | K81: 5 | L81: 40 | M81: 0 | O81: PROJETO BÁSICO | P81: GERAL / COMUM | Q81: MEMÓRIA DE CÁLCULO | R81: DISPOSITIVOS DE DRENAGEM | X81: Conforme Proposto | Z81: 1213 | AA81: 46244 | AB81: 46248 | AC81: 46225 | AD81: 46231 | AE81: 46241 | AF81: 46246 | AH81: 0 | AK81: 0 | AL81: carol | AM81: carol | AN81: carol | AP81: N.A | AQ81: carol | AR81: carol | AU81: carol | AV81: carol | AW81: carol | AY81: carol | AZ81: carol | BA81: 2D | BB81: A
A82: 78 | C82: CC - Concreto | D82: MCA - Memória De Cálculo | E82: dcfc9809-7383-4fb1-b244-794a8110e83f | F82: BL1132-0001-CC-MCA-2112 | G82: 0 | H82: MC-A1-1000-C-PB-0002 | J82: A4 | K82: 11 | L82: 88 | M82: 0 | O82: PROJETO BÁSICO | P82: GERAL / COMUM | Q82: MEMÓRIA DE CÁLCULO | R82: TRANSPORTADORES | X82: Conforme Proposto | AA82: 46244 | AB82: 46248 | AC82: 46231 | AD82: 46238 | AE82: 46248 | AF82: 46253 | AH82: 0 | AK82: 0 | AL82: carol | AM82: carol | AN82: carol | AP82: N.A | AQ82: carol | AR82: carol | AU82: carol | AV82: carol | AW82: carol | AY82: carol | AZ82: carol | BA82: 2D | BB82: A
A83: 79 | C83: CC - Concreto | D83: MCA - Memória De Cálculo | E83: 002387d9-b993-4271-8cbe-5f9bc95ac852 | F83: BL1132-0001-CC-MCA-2113 | G83: 0 | H83: MC-A1-1601-C-PB-0001 | J83: A4 | K83: 9 | L83: 72 | M83: 0 | O83: PROJETO BÁSICO | P83: RECEBIMENTO DE INSUMOS | Q83: MEMÓRIA DE CÁLCULO | R83: MOEGA, CASA DE TRANSFERENCIA E TRANSPORTADORES | X83: Conforme Proposto | Z83: 220 | AA83: 46230 | AB83: 46233 | AC83: 46230 | AD83: 46233 | AE83: 46243 | AF83: 46248 | AH83: 0 | AK83: 0 | AL83: carol | AM83: carol | AN83: carol | AP83: N.A | AQ83: carol | AR83: carol | AU83: carol | AV83: carol | AW83: carol | AY83: carol | AZ83: carol | BA83: 2D | BB83: A
A84: 80 | C84: CC - Concreto | D84: MCA - Memória De Cálculo | E84: 9b76fc33-2e14-47f4-a9b3-c4847d063e3f | F84: BL1132-0001-CC-MCA-2114 | G84: 0 | H84: MC-A1-1411-C-PB-4000 | J84: A4 | K84: 4 | L84: 32 | M84: 0 | O84: PROJETO BÁSICO | P84: PÓS PROCESSAMENTO / CLASSIFICAÇÃO | Q84: MEMÓRIA DE CÁLCULO | R84: FUNDAÇÕES - GALPÃO PARA ENSACAMENTO - RENWA META | X84: Conforme Proposto | Z84: 128 | AA84: 46217 | AB84: 46224 | AC84: 46213 | AD84: 46220 | AE84: 46230 | AF84: 46235 | AH84: 0 | AK84: 0 | AL84: carol | AM84: carol | AN84: carol | AP84: N.A | AQ84: carol | AR84: carol | AU84: carol | AV84: carol | AW84: carol | AY84: carol | AZ84: carol | BA84: 2D | BB84: A
A85: 81 | C85: CC - Concreto | D85: MCA - Memória De Cálculo | E85: be4701eb-8513-44c1-b93e-94ff5df32352 | F85: BL1132-0001-CC-MCA-2115 | G85: 0 | H85: MC-A1-1001-C-PB-4000 | J85: A4 | K85: 3 | L85: 24 | M85: 0 | O85: PROJETO BÁSICO | P85: GERAL / INSTALAÇÕES PROVISÓRIAS | Q85: BALANÇA - FUNDAÇÕES - MEMÓRIA DE CÁLCULO - 11 | X85: Conforme Proposto | Z85: 1349 | AA85: 46226 | AB85: 46233 | AC85: 46234 | AD85: 46241 | AE85: 46251 | AF85: 46256 | AH85: 0 | AK85: 0 | AL85: carol | AM85: carol | AN85: carol | AP85: N.A | AQ85: carol | AR85: carol | AU85: carol | AV85: carol | AW85: carol | AY85: carol | AZ85: carol | BA85: 2D | BB85: A
A86: 82 | C86: CC - Concreto | D86: MCA - Memória De Cálculo | E86: fd748103-a123-425c-9273-8d51c5233cb1 | F86: BL1132-0001-CC-MCA-2116 | G86: 0 | H86: MC-A1-2201-C-PB-4000 | I86: A | J86: A4 | K86: 12.875 | L86: 103 | M86: 0.9 | N86: PARA APROVAÇÃO | O86: PROJETO BÁSICO | P86: INSTALAÇÕES DE APOIO (ADMINISTRATIVAS) / ESCRITÓRIO CENTRAL / SALA DE CONTROLE | Q86: MEMÓRIA DE CÁLCULO | R86: ESTRUTURAS DE CONCRETO / FUNDAÇÕES – 2201-ED-001 | T86: 0027 | U86: 46211.678 | V86: APC-R - APC-R - Aprovado com Comentários (Retornar para uma nova Aprovação) | W86: 46216.503 | X86: Inserido | AA86: 46226 | AB86: 46233 | AC86: 46192 | AD86: 46211.678 | AE86: 46221.678 | AF86: 46226.678 | AG86: 46192 | AH86: 0 | AK86: 0 | AL86: carol | AM86: carol | AN86: carol | AO86: Belo Horizonte | AP86: N.A | AQ86: carol | AR86: carol | AT86: 33:00 | AU86: carol | AV86: carol | AW86: carol | AX86: Usuário selecionou: Não há Provedor Externo | AY86: carol | AZ86: carol | BA86: 2D | BB86: A
A87: 83 | C87: CC - Concreto | D87: MCA - Memória De Cálculo | E87: 714efacc-5685-4d63-a1cc-7613699a8184 | F87: BL1132-0001-CC-MCA-2117 | G87: 0 | H87: MC-A1-2202-C-PB-4000 | I87: A | J87: A4 | K87: 6.375 | L87: 51 | M87: 0.9 | N87: PARA APROVAÇÃO | O87: PROJETO BÁSICO | P87: INSTALAÇÕES DE APOIO (ADMINISTRATIVAS) / VESTIÁRIO | Q87: MEMÓRIA DE CÁLCULO | R87: ESTRUTURAS DE CONCRETO / FUNDAÇÕES - 2202-ED-001 | T87: 0022 | U87: 46210.679 | V87: APC-L - APC-L - Aprovado com Comentários (Retornar Aprovado) | W87: 46212.497 | X87: Inserido | AA87: 46226 | AB87: 46233 | AC87: 46204 | AD87: 46210.679 | AE87: 46220.679 | AF87: 46225.679 | AG87: 46198 | AH87: 0 | AK87: 0 | AL87: carol | AM87: carol | AN87: carol | AO87: Belo Horizonte | AP87: N.A | AQ87: carol | AR87: carol | AT87: 9:30 | AU87: carol | AV87: carol | AW87: carol | AX87: Usuário selecionou: Não há Provedor Externo | AY87: carol | AZ87: carol | BA87: 2D | BB87: A
A88: 84 | C88: CC - Concreto | D88: MCA - Memória De Cálculo | E88: 6996a144-b089-4c36-9eb3-06cbbd95d44a | F88: BL1132-0001-CC-MCA-2118 | G88: 0 | H88: MC-A1-2203-C-PB-4000 | I88: A | J88: A4 | K88: 7.625 | L88: 61 | M88: 0.9 | N88: PARA APROVAÇÃO | O88: PROJETO BÁSICO | P88: INSTALAÇÕES DE APOIO (ADMINISTRATIVAS) / REFEITÓRIO | Q88: MEMÓRIA DE CÁLCULO | R88: ESTRUTURAS DE CONCRETO / FUNDAÇÕES - 2203-ED-001 | T88: 0022 | U88: 46210.679 | V88: APC-L - APC-L - Aprovado com Comentários (Retornar Aprovado) | W88: 46212.5 | X88: Inserido | AA88: 46226 | AB88: 46233 | AC88: 46204 | AD88: 46210.679 | AE88: 46220.679 | AF88: 46225.679 | AG88: 46205 | AH88: 0 | AK88: 0 | AL88: carol | AM88: carol | AN88: carol | AO88: Belo Horizonte | AP88: N.A | AQ88: carol | AR88: carol | AT88: 8:30 | AU88: carol | AV88: carol | AW88: carol | AX88: Usuário selecionou: Não há Provedor Externo | AY88: carol | AZ88: carol | BA88: 2D | BB88: A
A89: 85 | C89: CC - Concreto | D89: MCA - Memória De Cálculo | E89: ae90c527-27d8-40b2-aad4-e71621be7847 | F89: BL1132-0001-CC-MCA-2119 | G89: 0 | H89: MC-A1-2204-C-PB-4000 | I89: A | J89: A4 | K89: 8 | L89: 64 | M89: 0.9 | N89: PARA APROVAÇÃO | O89: PROJETO BÁSICO | P89: INSTALAÇÕES DE APOIO (ADMINISTRATIVAS) / POSTO MÉDICO E BRIGADA DE INCÊNDIO | Q89: MEMÓRIA DE CÁLCULO | R89: ESTRUTURAS DE CONCRETO / FUNDAÇÕES - 2204-ED-001 | T89: 0022 | U89: 46210.679 | V89: APC-R - APC-R - Aprovado com Comentários (Retornar para uma nova Aprovação) | W89: 46213.628 | X89: Inserido | AA89: 46226 | AB89: 46233 | AC89: 46204 | AD89: 46210.679 | AE89: 46220.679 | AF89: 46225.679 | AG89: 46196 | AH89: 0 | AK89: 0 | AL89: carol | AM89: carol | AN89: carol | AO89: Belo Horizonte | AP89: N.A | AQ89: carol | AR89: carol | AT89: 36:00 | AU89: carol | AV89: carol | AW89: carol | AX89: Usuário selecionou: Não há Provedor Externo | AY89: carol | AZ89: carol | BA89: 2D | BB89: A
A90: 86 | C90: CC - Concreto | D90: MCA - Memória De Cálculo | E90: bd23adea-d7bc-4bc0-9e0b-b3da32e46f17 | F90: BL1132-0001-CC-MCA-2120 | G90: 0 | H90: MC-A1-2205-C-PB-4000 | I90: A | J90: A4 | K90: 3.5 | L90: 28 | M90: 0.5 | N90: PARA APROVAÇÃO | O90: PROJETO BÁSICO | P90: INSTALAÇÕES DE APOIO (ADMINISTRATIVAS) / PONTO DE ÔNIBUS | Q90: MEMÓRIA DE CÁLCULO | R90: FUNDAÇÕES – 2205-ED-001 | X90: Inserido | AC90: 46211 | AD90: 46213 | AE90: 46223 | AF90: 46228 | AG90: 46211 | AH90: 0 | AK90: 0 | AL90: carol | AM90: carol | AN90: carol | AO90: Belo Horizonte | AP90: N.A | AQ90: carol | AR90: carol | AT90: 7:00 | AU90: carol | AV90: carol | AW90: carol | AX90: Usuário selecionou: Não há Provedor Externo | AY90: carol | AZ90: carol | BA90: 2D | BB90: A
A91: 87 | C91: CC - Concreto | D91: MDE - Memorial Descritivo | E91: 11427550-3b4e-41e4-923b-bc64243826d6 | F91: BL1132-0001-CC-MDE-2000 | G91: 0 | H91: MC-A1-1000-C-PB-4001 | J91: A4 | K91: 2 | L91: 16 | M91: 0 | O91: PROJETO BÁSICO | P91: GERAL / COMUM | Q91: MEMORIAL DESCRITIVO | R91: ESTRUTURAS DE CONCRETO E FUNDAÇÕES | X91: Conforme Proposto | Z91: 1354 | AA91: 46245 | AB91: 46252 | AC91: 46253 | AD91: 46260 | AE91: 46270 | AF91: 46275 | AL91: carol | AM91: carol | AN91: carol | AP91: N.A | AQ91: carol | AR91: carol | AU91: carol | AV91: carol | AW91: carol | AY91: carol | AZ91: carol | BA91: 2D | BB91: A
A92: 88 | C92: CC - Concreto | D92: PQU - Planilha De Quantitativos | E92: 175a24eb-76dd-4d94-a83d-314e2bd56c5c | F92: BL1132-0001-CC-PQU-2001 | G92: 0 | H92: PQ-A1-1000-C-PB-4000 | J92: A4 | K92: 0.25 | L92: 2 | M92: 0 | O92: PROJETO BÁSICO | P92: GERAL / COMUM | Q92: PLANILHA DE QUANTIDADES | R92: ESTRUTURAS DE CONCRETO E FUNDAÇÕES | X92: Conforme Proposto | Z92: 1359 | AA92: 46245 | AB92: 46247 | AC92: 46253 | AD92: 46255 | AE92: 46265 | AF92: 46270 | AL92: carol | AM92: carol | AN92: carol | AP92: N.A | AQ92: carol | AR92: carol | AU92: carol | AV92: carol | AW92: carol | AY92: carol | AZ92: carol | BA92: 2D | BB92: A
A93: 89 | C93: CC - Concreto | D93: PQU - Planilha De Quantitativos | E93: d83782aa-db88-417a-8615-a3137a9677ff | F93: BL1132-0001-CC-PQU-2002 | G93: 0 | H93: PQ-A1-1000-C-PB-0001 | J93: A4 | K93: 3 | L93: 24 | M93: 0 | O93: PROJETO BÁSICO | P93: GERAL / COMUM | Q93: PLANILHA DE QUANTIDADES | R93: PACOTE DE OBRAS CIVIS | X93: Conforme Proposto | Z93: 1364 | AA93: 46247 | AB93: 46251 | AC93: 46255 | AD93: 46259 | AE93: 46269 | AF93: 46274 | AL93: carol | AM93: carol | AN93: carol | AP93: N.A | AQ93: carol | AR93: carol | AU93: carol | AV93: carol | AW93: carol | AY93: carol | AZ93: carol | BA93: 2D | BB93: A
A94: 90 | C94: CI - Infraestrutura | D94: DBA - Desenho Básico | E94: bc846b5e-1f5a-4147-8d73-f549edcaea58 | F94: BL1132-0001-CI-DBA-2000 | G94: 0 | H94: DE-A1-1102-B-PC-4000 | I94: A | J94: A1 | K94: 1 | L94: 1 | M94: 0.2 | N94: PARA APROVAÇÃO | O94: PROJETO BÁSICO | P94: ESTOCAGEM DE MATÉRIA PRIMA / PÁTIO DE ESTOCAGEM - MATERIA PRIMA | Q94: PROJETO DE TERRAPLENAGEM | R94: PLANTA E CORTES | X94: Conforme Proposto | Z94: 1288 | AA94: 46199 | AB94: 46203 | AC94: 46204 | AD94: 46213 | AE94: 46223 | AF94: 46228 | AG94: 46205 | AL94: carol | AM94: carol | AN94: carol | AO94: Belo Horizonte | AP94: N.A | AQ94: carol | AR94: carol | AT94: 8:00 | AU94: carol | AV94: carol | AW94: carol | AX94: Usuário selecionou: Não há Provedor Externo | AY94: carol | AZ94: carol | BA94: 2D | BB94: A
A95: 91 | C95: CI - Infraestrutura | D95: DBA - Desenho Básico | E95: 248921eb-f16b-4676-9601-3bba003b76b0 | F95: BL1132-0001-CI-DBA-2001 | G95: 0 | H95: DE-A1-1102-B-PC-4001 | I95: A | J95: A1 | K95: 1 | L95: 1 | M95: 0.2 | N95: PARA APROVAÇÃO | O95: PROJETO BÁSICO | P95: ESTOCAGEM DE MATÉRIA PRIMA / PÁTIO DE ESTOCAGEM - MATERIA PRIMA | Q95: PROJETO GEOMÉTRICO - ACESSO | R95: PLANTA E PERFIL | X95: Conforme Proposto | Z95: 1293 | AA95: 46203 | AB95: 46205 | AC95: 46204 | AD95: 46213 | AE95: 46223 | AF95: 46228 | AG95: 46202 | AL95: carol | AM95: carol | AN95: carol | AO95: Belo Horizonte | AP95: N.A | AQ95: carol | AR95: carol | AT95: 36:00 | AU95: carol | AV95: carol | AW95: carol | AX95: Usuário selecionou: Não há Provedor Externo | AY95: carol | AZ95: carol | BA95: 2D | BB95: A
A96: 92 | C96: CI - Infraestrutura | D96: MCA - Memória De Cálculo | E96: a9c61371-21b9-4e0a-9aea-fb0c4f2ccb14 | F96: BL1132-0001-CI-MCA-2000 | G96: 0 | H96: MC-A1-1102-B-PB-4000 | J96: A4 | K96: 3 | L96: 24 | M96: 0 | O96: PROJETO BÁSICO | P96: ESTOCAGEM DE MATÉRIA PRIMA / PÁTIO DE ESTOCAGEM - MATERIA PRIMA | Q96: MEMÓRIA DE CÁLCULO DE TERRAPLENAGEM | R96: INFRAESTRUTURA | X96: Conforme Proposto | Z96: 1338 | AA96: 46212 | AB96: 46219 | AC96: 46220 | AD96: 46227 | AE96: 46237 | AF96: 46242 | AL96: carol | AM96: carol | AN96: carol | AP96: N.A | AQ96: carol | AR96: carol | AU96: carol | AV96: carol | AW96: carol | AY96: carol | AZ96: carol | BA96: 2D | BB96: A
A97: 93 | C97: CI - Infraestrutura | D97: MCA - Memória De Cálculo | E97: 060dbe5a-06fd-4184-bc37-ad87fd515b7c | F97: BL1132-0001-CI-MCA-2002 | G97: 0 | H97: MC-A1-1102-B-PB-4001 | J97: A4 | K97: 2.5 | L97: 20 | M97: 0 | O97: PROJETO BÁSICO | P97: ESTOCAGEM DE MATÉRIA PRIMA / PÁTIO DE ESTOCAGEM - MATERIA PRIMA | Q97: MEMÓRIA DE CÁLCULO DE DRENAGEM | R97: INFRAESTRUTURA | X97: Conforme Proposto | Z97: 1343 | AA97: 46219 | AB97: 46226 | AC97: 46227 | AD97: 46234 | AE97: 46244 | AF97: 46249 | AL97: carol | AM97: carol | AN97: carol | AP97: N.A | AQ97: carol | AR97: carol | AU97: carol | AV97: carol | AW97: carol | AY97: carol | AZ97: carol | BA97: 2D | BB97: A
A98: 94 | C98: CI - Infraestrutura | D98: MCA - Memória De Cálculo | E98: 52ddf65e-2f4d-4cc1-abea-273e22d93409 | F98: BL1132-0001-CI-MCA-2003 | G98: 0 | H98: MC-A1-1000-B-PB-0002 | J98: A4 | K98: 6 | L98: 48 | M98: 0 | O98: PROJETO BÁSICO | P98: GERAL / COMUM | Q98: MEMÓRIA DE CÁLCULO DE DRENAGEM | R98: INFRAESTRUTURA | X98: Conforme Proposto | Z98: 1116 | AA98: 46253 | AB98: 46260 | AC98: 46253 | AD98: 46260 | AE98: 46270 | AF98: 46275 | AL98: carol | AM98: carol | AN98: carol | AP98: N.A | AQ98: carol | AR98: carol | AU98: carol | AV98: carol | AW98: carol | AY98: carol | AZ98: carol | BA98: 2D | BB98: A
A99: 95 | C99: CI - Infraestrutura | D99: MCA - Memória De Cálculo | E99: 85e63d26-0818-40ab-b196-fd2dea180d30 | F99: BL1132-0001-CI-MCA-2004 | G99: 0 | H99: MC-A1-1000-B-PB-0001 | J99: A4 | K99: 3 | L99: 24 | M99: 0 | O99: PROJETO BÁSICO | P99: GERAL / COMUM | Q99: MEMÓRIA DE CÁLCULO DE TERRAPLENAGEM | R99: INFRAESTRUTURA | X99: Conforme Proposto | Z99: 1106 | AA99: 46239 | AB99: 46246 | AC99: 46239 | AD99: 46246 | AE99: 46256 | AF99: 46261 | AL99: carol | AM99: carol | AN99: carol | AP99: N.A | AQ99: carol | AR99: carol | AU99: carol | AV99: carol | AW99: carol | AY99: carol | AZ99: carol | BA99: 2D | BB99: A
A100: 96 | C100: CI - Infraestrutura | D100: MCA - Memória De Cálculo | E100: 23be048a-d37b-47fc-ae48-e24568a3c4fb | F100: BL1132-0001-CI-MCA-2005 | G100: 0 | H100: MC-A1-1000-B-PB-0003 | J100: A4 | K100: 3 | L100: 24 | M100: 0 | O100: PROJETO BÁSICO | P100: GERAL / COMUM | Q100: MEMÓRIA DE CÁLCULO DE PAVIMENTAÇÃO | R100: INFRAESTRUTURA | X100: Conforme Proposto | Z100: 1081 | AA100: 46246 | AB100: 46253 | AC100: 46246 | AD100: 46253 | AE100: 46263 | AF100: 46268 | AL100: carol | AM100: carol | AN100: carol | AP100: N.A | AQ100: carol | AR100: carol | AU100: carol | AV100: carol | AW100: carol | AY100: carol | AZ100: carol | BA100: 2D | BB100: A
A101: 97 | C101: CI - Infraestrutura | D101: MCA - Memória De Cálculo | E101: 27d30cd3-4437-4fa3-b498-6bce5af1acb8 | F101: BL1132-0001-CI-MCA-2006 | G101: 0 | H101: MC-A1-1600-B-PB-4000 | J101: A4 | K101: 6 | L101: 48 | M101: 0 | O101: PROJETO BÁSICO | P101: RECEBIMENTO DE INSUMOS / COMUM | Q101: MEMÓRIA DE CÁLCULO - GEOTECNIA - ANÁLISE DE ESTABILIDADE | R101: CONTENÇÕES EM TERRA ARMADA | X101: Conforme Proposto | Z101: 200 | AA101: 46232 | AB101: 46240 | AC101: 46232 | AD101: 46240 | AE101: 46250 | AF101: 46255 | AL101: carol | AM101: carol | AN101: carol | AP101: N.A | AQ101: carol | AR101: carol | AU101: carol | AV101: carol | AW101: carol | AY101: carol | AZ101: carol | BA101: 2D | BB101: A
A102: 98 | C102: CI - Infraestrutura | D102: PQU - Planilha De Quantitativos | E102: ab3c94bb-fd3b-4449-9b2d-15edb3609449 | F102: BL1132-0001-CI-PQU-2000 | G102: 0 | H102: PQ-A1-1000-G-PB-0002 | J102: A4 | K102: 2.5 | L102: 20 | M102: 0 | O102: PROJETO BÁSICO | P102: GERAL / COMUM | Q102: PLANILHA DE QUANTIDADES | R102: TERRAPLENAGEM | X102: Conforme Proposto | Z102: 1086 | AA102: 46253 | AB102: 46258 | AC102: 46253 | AD102: 46258 | AE102: 46268 | AF102: 46273 | AL102: carol | AM102: carol | AN102: carol | AP102: N.A | AQ102: carol | AR102: carol | AU102: carol | AV102: carol | AW102: carol | AY102: carol | AZ102: carol | BA102: 2D | BB102: A
...

Sheet Data Base
C1: Corte | D1: 46215
A2: imput | B2: imput | C2: imput | D2: imput | F2: fórmula | G2: fórmula | H2: fórmula | I2: fórmula | J2: fórmula | K2: fórmula | L2: fórmula | M2: fórmula | N2: fórmula | O2: fórmula | P2: fórmula | Q2: fórmula
A3: ITEM | B3: DISCIPLINA | C3: TIPO DE DOCUMENTO | D3: Nº DOCUMENTO EMPRESA | E3: TÍTULO | F3: FASE | G3: REV. BLOSSOM | H3: REV. CLIENTE | I3: GRD | J3: FINALIDADE ATUAL | K3: DATA EMISSÃO INICIAL | L3: DATA RETORNO | M3: DATA FINALIZAÇÃO | N3: STATUS DOCUMENTO | O3: SITUAÇÃO DOCUMENTO | P3: COM QUEM ESTÁ? | Q3: FINALIDADE RETORNO | R3: DATA EMISSÃO CR | S3: SITUAÇÃO EMISSÃO INICIAL | T3: DATA EMISSÃO BL | U3: SITUAÇÃO BL | V3: EMISSÃO FUTURA | W3: RELATÓRIO SEMANA
A4: 1 | B4: =_xlfn.XLOOKUP(D4,'LD-ELFA'!F:F,'LD-ELFA'!C:C) -> #N/A | C4: =_xlfn.XLOOKUP(D4,'LD-ELFA'!F:F,'LD-ELFA'!D:D) -> #N/A | D4: BL1132-0001-AI-DBA-2000 | E4: =_xlfn.LET(_xlpm.q,_xlfn.XLOOKUP(D4,'LD-ELFA'!F:F,'LD-ELFA'!Q:Q), _xlpm.r,_xlfn.XLOOKUP(D4,'LD-ELFA'!F:F,'LD-ELFA'!R:R), IF(_xlpm.r = "", _xlpm.q, _xlpm.q & " - " & _xlpm.r)) -> #N/A | F4: =IF(ISNUMBER(VALUE(RIGHT(D4,4))), IF(AND(VALUE(RIGHT(D4,4))>=1000, VALUE(RIGHT(D4,4))<2000), "Conceitual", IF(AND(VALUE(RIGHT(D4,4))>=2000, VALUE(RIGHT(D4,4))<3000), "Básico", IF(AND(VALUE(RIGHT(D4,4))>=3000, VALUE(RIGHT(D4,4))<4000), "Detalhado", ""))), "") -> Básico | G4: =_xlfn.XLOOKUP(D4,'LD-ELFA'!F:F,'LD-ELFA'!G:G) -> #N/A | H4: =_xlfn.XLOOKUP(D4,'LD-ELFA'!F:F,'LD-ELFA'!I:I) -> #N/A | I4: =IF(_xlfn.XLOOKUP(D4,'LD-ELFA'!F:F,'LD-ELFA'!T:T)="","",_xlfn.XLOOKUP(D4,'LD-ELFA'!F:F,'LD-ELFA'!T:T)) -> #N/A | J4: =IF(K4="Documento a emitir", "",_xlfn.XLOOKUP(D4,'LD-ELFA'!F:F,'LD-ELFA'!N:N)) -> #N/A | K4: =IF(_xlfn.XLOOKUP($D4,'LD-ELFA'!F:F,'LD-ELFA'!U:U)="","Documento a emitir",_xlfn.XLOOKUP($D4,'LD-ELFA'!F:F,'LD-ELFA'!U:U)) -> #N/A | L4: =IF(K4="Documento a emitir","Documento a emitir",IF(K4<>"Documento a emitir",IF(_xlfn.XLOOKUP(D4,'LD-ELFA'!F:F,'LD-ELFA'!W:W)="","",_xlfn.XLOOKUP(D4,'LD-ELFA'!F:F,'LD-ELFA'!W:W)),"")) -> #N/A | M4: =IF(K4="Documento a emitir","",IF(AND(Q4="APC-R - APC-R - Aprovado com Comentários (Retornar para uma nova Aprovação)",Q4="APC-L - APC-L - Aprovado com Comentários (Retornar Aprovado)"),"",IF(OR(_xlfn.XLOOKUP(D4,'LD-ELFA'!F:F,'LD-ELFA'!N:N)="PARA CONHECIMENTO",_xlfn.XLOOKUP(D4,'LD-ELFA'!F:F,'LD-ELFA'!N:N)="PARA CONSTRUÇÃO",_xlfn.XLOOKUP(D4,'LD-ELFA'!F:F,'LD-ELFA'!N:N)="PARA COTAÇÃO",_xlfn.XLOOKUP(D4,'LD-ELFA'!F:F,'LD-ELFA'!N:N)="CANCELADO"),_xlfn.XLOOKUP(D4,'LD-ELFA'!F:F,'LD-ELFA'!U:U),IF(AND(L4="",J4<>"PARA APROVAÇÃO"),"","")))) -> #N/A | N4: =IF(O4="Documento Concluído","Documento Concluído",IF(O4="Cliente - Atendimento de Comentário",IF(TODAY()<=(K4+3),"No prazo","Atrasado"),IF(O4="Cliente - Atendimento de Comentário",IF(TODAY()<=(WORKDAY(K4,3,0)),"No prazo","Atrasado"),IF(O4="Blossom - Emissão Final",IF(TODAY()<=(WORKDAY(L4,3,0)),"No prazo","Atrasado"),IF(O4="Blossom - Atendimento de Comentário",IF(TODAY()<=(WORKDAY(L4,3,0)),"No prazo","Atrasado"),IF(O4="Blossom - Documento a emitir","Documento a Emitir",IF(O4="Documento Removido","Documento Removido","ERRO"))))))) -> Documento Removido | O4: =IF(R4="Documento Removido","Documento Removido",IF(M4<>"","Documento Concluído",IF(AND(M4="",Q4="PARA APROVAÇÃO"),"Blossom - Emissão Final",IF(AND(M4="",Q4="APC-L - APC-L - Aprovado com Comentários (Retornar Aprovado)",Q4="APC-R - APC-R - Aprovado com Comentários (Retornar para uma nova Aprovação)"),"Blossom - Atendimento de Comentário",IF(AND(L4<>"",J4="PARA APROVAÇÃO"),"Blossom - Atendimento de Comentário",IF(AND(L4<>"",J4="PRELIMINAR"),"Blossom - Atendimento de Comentário",IF(AND(L4="",J4<>"PARA APROVAÇÃO"),"Cliente - Atendimento de Comentário",IF(AND(L4="",J4<>"PRELIMINAR"),"Cliente - Atendimento de Comentário",IF(AND(K4<>"Documento a emitir",J4="PARA APROVAÇÃO"),"Cliente - Atendimento de Comentário",IF(K4="Documento a emitir","Blossom - Documento a emitir","ERRO")))))))))) -> Documento Removido | P4: =IF(O4="Documento finalizado","Documento finalizado",IF(ISNUMBER(FIND("Cliente",O4)),"Circlua","Blossom")) -> Blossom | Q4: =IF(_xlfn.XLOOKUP(D4,'LD-ELFA'!F:F,'LD-ELFA'!V:V)="","",_xlfn.XLOOKUP(D4,'LD-ELFA'!F:F,'LD-ELFA'!V:V)) -> #N/A | R4: =IFERROR(IF(I4<>"","Documento Emitido",_xlfn.XLOOKUP(D4,Cronograma!P:P,Cronograma!Q:Q)),"Documento Removido") -> Documento Removido | S4: =IFERROR(IF(K4<>"Documento a emitir","Documento Emitido",IF(R4<TODAY(),"Emissão Atrasada","No prazo")),"Documento Removido") -> Documento Removido | T4: =IFERROR(IF(I4<>"","Documento Emitido",_xlfn.XLOOKUP(D4,Cronograma!P:P,Cronograma!R:R)),"Documento Removido") -> Documento Removido | U4: =IFERROR(IF(K4<>"Documento a emitir","Documento Emitido",IF(T4<R4,"Emissão Atrasada","No prazo")),"Documento Removido") -> Documento Removido | V4: =IF(R4="Documento Emitido","Documento Emitido", IF(R4="Documento Removido","Documento Removido", IF(AND(R4-$D$1>=0,R4-$D$1<=7),"Semana 1", IF(AND(R4-$D$1>7,R4-$D$1<=14),"Semana 2",IF(AND(R4-$D$1>14,R4-$D$1<=21),"Semana 3",""))))) -> Documento Removido | W4: =IF(OR(K4="Documento a emitir", K4="Documento Emitido"), "", IF(AND(ISNUMBER(K4), K4>=TODAY()-WEEKDAY(TODAY(),2)-6, K4<=TODAY()-WEEKDAY(TODAY(),2)+5), IF(G4=0, "Emissão Semana", "Atendimento de Comentário"), "")) -> #N/A
A5: 2 | B5: =_xlfn.XLOOKUP(D5,'LD-ELFA'!F:F,'LD-ELFA'!C:C) -> #N/A | C5: =_xlfn.XLOOKUP(D5,'LD-ELFA'!F:F,'LD-ELFA'!D:D) -> #N/A | D5: BL1132-0001-AI-DBA-2001 | E5: =_xlfn.LET(_xlpm.q,_xlfn.XLOOKUP(D5,'LD-ELFA'!F:F,'LD-ELFA'!Q:Q), _xlpm.r,_xlfn.XLOOKUP(D5,'LD-ELFA'!F:F,'LD-ELFA'!R:R), IF(_xlpm.r = "", _xlpm.q, _xlpm.q & " - " & _xlpm.r)) -> #N/A | F5: =IF(ISNUMBER(VALUE(RIGHT(D5,4))), IF(AND(VALUE(RIGHT(D5,4))>=1000, VALUE(RIGHT(D5,4))<2000), "Conceitual", IF(AND(VALUE(RIGHT(D5,4))>=2000, VALUE(RIGHT(D5,4))<3000), "Básico", IF(AND(VALUE(RIGHT(D5,4))>=3000, VALUE(RIGHT(D5,4))<4000), "Detalhado", ""))), "") -> Básico | G5: =_xlfn.XLOOKUP(D5,'LD-ELFA'!F:F,'LD-ELFA'!G:G) -> #N/A | H5: =_xlfn.XLOOKUP(D5,'LD-ELFA'!F:F,'LD-ELFA'!I:I) -> #N/A | I5: =IF(_xlfn.XLOOKUP(D5,'LD-ELFA'!F:F,'LD-ELFA'!T:T)="","",_xlfn.XLOOKUP(D5,'LD-ELFA'!F:F,'LD-ELFA'!T:T)) -> #N/A | J5: =IF(K5="Documento a emitir", "",_xlfn.XLOOKUP(D5,'LD-ELFA'!F:F,'LD-ELFA'!N:N)) -> #N/A | K5: =IF(_xlfn.XLOOKUP($D5,'LD-ELFA'!F:F,'LD-ELFA'!U:U)="","Documento a emitir",_xlfn.XLOOKUP($D5,'LD-ELFA'!F:F,'LD-ELFA'!U:U)) -> #N/A | L5: =IF(K5="Documento a emitir","Documento a emitir",IF(K5<>"Documento a emitir",IF(_xlfn.XLOOKUP(D5,'LD-ELFA'!F:F,'LD-ELFA'!W:W)="","",_xlfn.XLOOKUP(D5,'LD-ELFA'!F:F,'LD-ELFA'!W:W)),"")) -> #N/A | M5: =IF(K5="Documento a emitir","",IF(AND(Q5="APC-R - APC-R - Aprovado com Comentários (Retornar para uma nova Aprovação)",Q5="APC-L - APC-L - Aprovado com Comentários (Retornar Aprovado)"),"",IF(OR(_xlfn.XLOOKUP(D5,'LD-ELFA'!F:F,'LD-ELFA'!N:N)="PARA CONHECIMENTO",_xlfn.XLOOKUP(D5,'LD-ELFA'!F:F,'LD-ELFA'!N:N)="PARA CONSTRUÇÃO",_xlfn.XLOOKUP(D5,'LD-ELFA'!F:F,'LD-ELFA'!N:N)="PARA COTAÇÃO",_xlfn.XLOOKUP(D5,'LD-ELFA'!F:F,'LD-ELFA'!N:N)="CANCELADO"),_xlfn.XLOOKUP(D5,'LD-ELFA'!F:F,'LD-ELFA'!U:U),IF(AND(L5="",J5<>"PARA APROVAÇÃO"),"","")))) -> #N/A | N5: =IF(O5="Documento Concluído","Documento Concluído",IF(O5="Cliente - Atendimento de Comentário",IF(TODAY()<=(K5+3),"No prazo","Atrasado"),IF(O5="Cliente - Atendimento de Comentário",IF(TODAY()<=(WORKDAY(K5,3,0)),"No prazo","Atrasado"),IF(O5="Blossom - Emissão Final",IF(TODAY()<=(WORKDAY(L5,3,0)),"No prazo","Atrasado"),IF(O5="Blossom - Atendimento de Comentário",IF(TODAY()<=(WORKDAY(L5,3,0)),"No prazo","Atrasado"),IF(O5="Blossom - Documento a emitir","Documento a Emitir",IF(O5="Documento Removido","Documento Removido","ERRO"))))))) -> Documento Removido | O5: =IF(R5="Documento Removido","Documento Removido",IF(M5<>"","Documento Concluído",IF(AND(M5="",Q5="PARA APROVAÇÃO"),"Blossom - Emissão Final",IF(AND(M5="",Q5="APC-L - APC-L - Aprovado com Comentários (Retornar Aprovado)",Q5="APC-R - APC-R - Aprovado com Comentários (Retornar para uma nova Aprovação)"),"Blossom - Atendimento de Comentário",IF(AND(L5<>"",J5="PARA APROVAÇÃO"),"Blossom - Atendimento de Comentário",IF(AND(L5<>"",J5="PRELIMINAR"),"Blossom - Atendimento de Comentário",IF(AND(L5="",J5<>"PARA APROVAÇÃO"),"Cliente - Atendimento de Comentário",IF(AND(L5="",J5<>"PRELIMINAR"),"Cliente - Atendimento de Comentário",IF(AND(K5<>"Documento a emitir",J5="PARA APROVAÇÃO"),"Cliente - Atendimento de Comentário",IF(K5="Documento a emitir","Blossom - Documento a emitir","ERRO")))))))))) -> Documento Removido | P5: =IF(O5="Documento finalizado","Documento finalizado",IF(ISNUMBER(FIND("Cliente",O5)),"Circlua","Blossom")) -> Blossom | Q5: =IF(_xlfn.XLOOKUP(D5,'LD-ELFA'!F:F,'LD-ELFA'!V:V)="","",_xlfn.XLOOKUP(D5,'LD-ELFA'!F:F,'LD-ELFA'!V:V)) -> #N/A | R5: =IFERROR(IF(I5<>"","Documento Emitido",_xlfn.XLOOKUP(D5,Cronograma!P:P,Cronograma!Q:Q)),"Documento Removido") -> Documento Removido | S5: =IFERROR(IF(K5<>"Documento a emitir","Documento Emitido",IF(R5<TODAY(),"Emissão Atrasada","No prazo")),"Documento Removido") -> Documento Removido | T5: =IFERROR(IF(I5<>"","Documento Emitido",_xlfn.XLOOKUP(D5,Cronograma!P:P,Cronograma!R:R)),"Documento Removido") -> Documento Removido | U5: =IFERROR(IF(K5<>"Documento a emitir","Documento Emitido",IF(T5<R5,"Emissão Atrasada","No prazo")),"Documento Removido") -> Documento Removido | V5: =IF(R5="Documento Emitido","Documento Emitido", IF(R5="Documento Removido","Documento Removido", IF(AND(R5-$D$1>=0,R5-$D$1<=7),"Semana 1", IF(AND(R5-$D$1>7,R5-$D$1<=14),"Semana 2",IF(AND(R5-$D$1>14,R5-$D$1<=21),"Semana 3",""))))) -> Documento Removido | W5: =IF(OR(K5="Documento a emitir", K5="Documento Emitido"), "", IF(AND(ISNUMBER(K5), K5>=TODAY()-WEEKDAY(TODAY(),2)-6, K5<=TODAY()-WEEKDAY(TODAY(),2)+5), IF(G5=0, "Emissão Semana", "Atendimento de Comentário"), "")) -> #N/A
A6: 3 | B6: =_xlfn.XLOOKUP(D6,'LD-ELFA'!F:F,'LD-ELFA'!C:C) -> #N/A | C6: =_xlfn.XLOOKUP(D6,'LD-ELFA'!F:F,'LD-ELFA'!D:D) -> #N/A | D6: BL1132-0001-AI-DBA-2002 | E6: =_xlfn.LET(_xlpm.q,_xlfn.XLOOKUP(D6,'LD-ELFA'!F:F,'LD-ELFA'!Q:Q), _xlpm.r,_xlfn.XLOOKUP(D6,'LD-ELFA'!F:F,'LD-ELFA'!R:R), IF(_xlpm.r = "", _xlpm.q, _xlpm.q & " - " & _xlpm.r)) -> #N/A | F6: =IF(ISNUMBER(VALUE(RIGHT(D6,4))), IF(AND(VALUE(RIGHT(D6,4))>=1000, VALUE(RIGHT(D6,4))<2000), "Conceitual", IF(AND(VALUE(RIGHT(D6,4))>=2000, VALUE(RIGHT(D6,4))<3000), "Básico", IF(AND(VALUE(RIGHT(D6,4))>=3000, VALUE(RIGHT(D6,4))<4000), "Detalhado", ""))), "") -> Básico | G6: =_xlfn.XLOOKUP(D6,'LD-ELFA'!F:F,'LD-ELFA'!G:G) -> #N/A | H6: =_xlfn.XLOOKUP(D6,'LD-ELFA'!F:F,'LD-ELFA'!I:I) -> #N/A | I6: =IF(_xlfn.XLOOKUP(D6,'LD-ELFA'!F:F,'LD-ELFA'!T:T)="","",_xlfn.XLOOKUP(D6,'LD-ELFA'!F:F,'LD-ELFA'!T:T)) -> #N/A | J6: =IF(K6="Documento a emitir", "",_xlfn.XLOOKUP(D6,'LD-ELFA'!F:F,'LD-ELFA'!N:N)) -> #N/A | K6: =IF(_xlfn.XLOOKUP($D6,'LD-ELFA'!F:F,'LD-ELFA'!U:U)="","Documento a emitir",_xlfn.XLOOKUP($D6,'LD-ELFA'!F:F,'LD-ELFA'!U:U)) -> #N/A | L6: =IF(K6="Documento a emitir","Documento a emitir",IF(K6<>"Documento a emitir",IF(_xlfn.XLOOKUP(D6,'LD-ELFA'!F:F,'LD-ELFA'!W:W)="","",_xlfn.XLOOKUP(D6,'LD-ELFA'!F:F,'LD-ELFA'!W:W)),"")) -> #N/A | M6: =IF(K6="Documento a emitir","",IF(AND(Q6="APC-R - APC-R - Aprovado com Comentários (Retornar para uma nova Aprovação)",Q6="APC-L - APC-L - Aprovado com Comentários (Retornar Aprovado)"),"",IF(OR(_xlfn.XLOOKUP(D6,'LD-ELFA'!F:F,'LD-ELFA'!N:N)="PARA CONHECIMENTO",_xlfn.XLOOKUP(D6,'LD-ELFA'!F:F,'LD-ELFA'!N:N)="PARA CONSTRUÇÃO",_xlfn.XLOOKUP(D6,'LD-ELFA'!F:F,'LD-ELFA'!N:N)="PARA COTAÇÃO",_xlfn.XLOOKUP(D6,'LD-ELFA'!F:F,'LD-ELFA'!N:N)="CANCELADO"),_xlfn.XLOOKUP(D6,'LD-ELFA'!F:F,'LD-ELFA'!U:U),IF(AND(L6="",J6<>"PARA APROVAÇÃO"),"","")))) -> #N/A | N6: =IF(O6="Documento Concluído","Documento Concluído",IF(O6="Cliente - Atendimento de Comentário",IF(TODAY()<=(K6+3),"No prazo","Atrasado"),IF(O6="Cliente - Atendimento de Comentário",IF(TODAY()<=(WORKDAY(K6,3,0)),"No prazo","Atrasado"),IF(O6="Blossom - Emissão Final",IF(TODAY()<=(WORKDAY(L6,3,0)),"No prazo","Atrasado"),IF(O6="Blossom - Atendimento de Comentário",IF(TODAY()<=(WORKDAY(L6,3,0)),"No prazo","Atrasado"),IF(O6="Blossom - Documento a emitir","Documento a Emitir",IF(O6="Documento Removido","Documento Removido","ERRO"))))))) -> Documento Removido | O6: =IF(R6="Documento Removido","Documento Removido",IF(M6<>"","Documento Concluído",IF(AND(M6="",Q6="PARA APROVAÇÃO"),"Blossom - Emissão Final",IF(AND(M6="",Q6="APC-L - APC-L - Aprovado com Comentários (Retornar Aprovado)",Q6="APC-R - APC-R - Aprovado com Comentários (Retornar para uma nova Aprovação)"),"Blossom - Atendimento de Comentário",IF(AND(L6<>"",J6="PARA APROVAÇÃO"),"Blossom - Atendimento de Comentário",IF(AND(L6<>"",J6="PRELIMINAR"),"Blossom - Atendimento de Comentário",IF(AND(L6="",J6<>"PARA APROVAÇÃO"),"Cliente - Atendimento de Comentário",IF(AND(L6="",J6<>"PRELIMINAR"),"Cliente - Atendimento de Comentário",IF(AND(K6<>"Documento a emitir",J6="PARA APROVAÇÃO"),"Cliente - Atendimento de Comentário",IF(K6="Documento a emitir","Blossom - Documento a emitir","ERRO")))))))))) -> Documento Removido | P6: =IF(O6="Documento finalizado","Documento finalizado",IF(ISNUMBER(FIND("Cliente",O6)),"Circlua","Blossom")) -> Blossom | Q6: =IF(_xlfn.XLOOKUP(D6,'LD-ELFA'!F:F,'LD-ELFA'!V:V)="","",_xlfn.XLOOKUP(D6,'LD-ELFA'!F:F,'LD-ELFA'!V:V)) -> #N/A | R6: =IFERROR(IF(I6<>"","Documento Emitido",_xlfn.XLOOKUP(D6,Cronograma!P:P,Cronograma!Q:Q)),"Documento Removido") -> Documento Removido | S6: =IFERROR(IF(K6<>"Documento a emitir","Documento Emitido",IF(R6<TODAY(),"Emissão Atrasada","No prazo")),"Documento Removido") -> Documento Removido | T6: =IFERROR(IF(I6<>"","Documento Emitido",_xlfn.XLOOKUP(D6,Cronograma!P:P,Cronograma!R:R)),"Documento Removido") -> Documento Removido | U6: =IFERROR(IF(K6<>"Documento a emitir","Documento Emitido",IF(T6<R6,"Emissão Atrasada","No prazo")),"Documento Removido") -> Documento Removido | V6: =IF(R6="Documento Emitido","Documento Emitido", IF(R6="Documento Removido","Documento Removido", IF(AND(R6-$D$1>=0,R6-$D$1<=7),"Semana 1", IF(AND(R6-$D$1>7,R6-$D$1<=14),"Semana 2",IF(AND(R6-$D$1>14,R6-$D$1<=21),"Semana 3",""))))) -> Documento Removido | W6: =IF(OR(K6="Documento a emitir", K6="Documento Emitido"), "", IF(AND(ISNUMBER(K6), K6>=TODAY()-WEEKDAY(TODAY(),2)-6, K6<=TODAY()-WEEKDAY(TODAY(),2)+5), IF(G6=0, "Emissão Semana", "Atendimento de Comentário"), "")) -> #N/A
A7: 4 | B7: =_xlfn.XLOOKUP(D7,'LD-ELFA'!F:F,'LD-ELFA'!C:C) -> #N/A | C7: =_xlfn.XLOOKUP(D7,'LD-ELFA'!F:F,'LD-ELFA'!D:D) -> #N/A | D7: BL1132-0001-AI-DIN-2000 | E7: =_xlfn.LET(_xlpm.q,_xlfn.XLOOKUP(D7,'LD-ELFA'!F:F,'LD-ELFA'!Q:Q), _xlpm.r,_xlfn.XLOOKUP(D7,'LD-ELFA'!F:F,'LD-ELFA'!R:R), IF(_xlpm.r = "", _xlpm.q, _xlpm.q & " - " & _xlpm.r)) -> #N/A | F7: =IF(ISNUMBER(VALUE(RIGHT(D7,4))), IF(AND(VALUE(RIGHT(D7,4))>=1000, VALUE(RIGHT(D7,4))<2000), "Conceitual", IF(AND(VALUE(RIGHT(D7,4))>=2000, VALUE(RIGHT(D7,4))<3000), "Básico", IF(AND(VALUE(RIGHT(D7,4))>=3000, VALUE(RIGHT(D7,4))<4000), "Detalhado", ""))), "") -> Básico | G7: =_xlfn.XLOOKUP(D7,'LD-ELFA'!F:F,'LD-ELFA'!G:G) -> #N/A | H7: =_xlfn.XLOOKUP(D7,'LD-ELFA'!F:F,'LD-ELFA'!I:I) -> #N/A | I7: =IF(_xlfn.XLOOKUP(D7,'LD-ELFA'!F:F,'LD-ELFA'!T:T)="","",_xlfn.XLOOKUP(D7,'LD-ELFA'!F:F,'LD-ELFA'!T:T)) -> #N/A | J7: =IF(K7="Documento a emitir", "",_xlfn.XLOOKUP(D7,'LD-ELFA'!F:F,'LD-ELFA'!N:N)) -> #N/A | K7: =IF(_xlfn.XLOOKUP($D7,'LD-ELFA'!F:F,'LD-ELFA'!U:U)="","Documento a emitir",_xlfn.XLOOKUP($D7,'LD-ELFA'!F:F,'LD-ELFA'!U:U)) -> #N/A | L7: =IF(K7="Documento a emitir","Documento a emitir",IF(K7<>"Documento a emitir",IF(_xlfn.XLOOKUP(D7,'LD-ELFA'!F:F,'LD-ELFA'!W:W)="","",_xlfn.XLOOKUP(D7,'LD-ELFA'!F:F,'LD-ELFA'!W:W)),"")) -> #N/A | M7: =IF(K7="Documento a emitir","",IF(AND(Q7="APC-R - APC-R - Aprovado com Comentários (Retornar para uma nova Aprovação)",Q7="APC-L - APC-L - Aprovado com Comentários (Retornar Aprovado)"),"",IF(OR(_xlfn.XLOOKUP(D7,'LD-ELFA'!F:F,'LD-ELFA'!N:N)="PARA CONHECIMENTO",_xlfn.XLOOKUP(D7,'LD-ELFA'!F:F,'LD-ELFA'!N:N)="PARA CONSTRUÇÃO",_xlfn.XLOOKUP(D7,'LD-ELFA'!F:F,'LD-ELFA'!N:N)="PARA COTAÇÃO",_xlfn.XLOOKUP(D7,'LD-ELFA'!F:F,'LD-ELFA'!N:N)="CANCELADO"),_xlfn.XLOOKUP(D7,'LD-ELFA'!F:F,'LD-ELFA'!U:U),IF(AND(L7="",J7<>"PARA APROVAÇÃO"),"","")))) -> #N/A | N7: =IF(O7="Documento Concluído","Documento Concluído",IF(O7="Cliente - Atendimento de Comentário",IF(TODAY()<=(K7+3),"No prazo","Atrasado"),IF(O7="Cliente - Atendimento de Comentário",IF(TODAY()<=(WORKDAY(K7,3,0)),"No prazo","Atrasado"),IF(O7="Blossom - Emissão Final",IF(TODAY()<=(WORKDAY(L7,3,0)),"No prazo","Atrasado"),IF(O7="Blossom - Atendimento de Comentário",IF(TODAY()<=(WORKDAY(L7,3,0)),"No prazo","Atrasado"),IF(O7="Blossom - Documento a emitir","Documento a Emitir",IF(O7="Documento Removido","Documento Removido","ERRO"))))))) -> Documento Removido | O7: =IF(R7="Documento Removido","Documento Removido",IF(M7<>"","Documento Concluído",IF(AND(M7="",Q7="PARA APROVAÇÃO"),"Blossom - Emissão Final",IF(AND(M7="",Q7="APC-L - APC-L - Aprovado com Comentários (Retornar Aprovado)",Q7="APC-R - APC-R - Aprovado com Comentários (Retornar para uma nova Aprovação)"),"Blossom - Atendimento de Comentário",IF(AND(L7<>"",J7="PARA APROVAÇÃO"),"Blossom - Atendimento de Comentário",IF(AND(L7<>"",J7="PRELIMINAR"),"Blossom - Atendimento de Comentário",IF(AND(L7="",J7<>"PARA APROVAÇÃO"),"Cliente - Atendimento de Comentário",IF(AND(L7="",J7<>"PRELIMINAR"),"Cliente - Atendimento de Comentário",IF(AND(K7<>"Documento a emitir",J7="PARA APROVAÇÃO"),"Cliente - Atendimento de Comentário",IF(K7="Documento a emitir","Blossom - Documento a emitir","ERRO")))))))))) -> Documento Removido | P7: =IF(O7="Documento finalizado","Documento finalizado",IF(ISNUMBER(FIND("Cliente",O7)),"Circlua","Blossom")) -> Blossom | Q7: =IF(_xlfn.XLOOKUP(D7,'LD-ELFA'!F:F,'LD-ELFA'!V:V)="","",_xlfn.XLOOKUP(D7,'LD-ELFA'!F:F,'LD-ELFA'!V:V)) -> #N/A | R7: =IFERROR(IF(I7<>"","Documento Emitido",_xlfn.XLOOKUP(D7,Cronograma!P:P,Cronograma!Q:Q)),"Documento Removido") -> Documento Removido | S7: =IFERROR(IF(K7<>"Documento a emitir","Documento Emitido",IF(R7<TODAY(),"Emissão Atrasada","No prazo")),"Documento Removido") -> Documento Removido | T7: =IFERROR(IF(I7<>"","Documento Emitido",_xlfn.XLOOKUP(D7,Cronograma!P:P,Cronograma!R:R)),"Documento Removido") -> Documento Removido | U7: =IFERROR(IF(K7<>"Documento a emitir","Documento Emitido",IF(T7<R7,"Emissão Atrasada","No prazo")),"Documento Removido") -> Documento Removido | V7: =IF(R7="Documento Emitido","Documento Emitido", IF(R7="Documento Removido","Documento Removido", IF(AND(R7-$D$1>=0,R7-$D$1<=7),"Semana 1", IF(AND(R7-$D$1>7,R7-$D$1<=14),"Semana 2",IF(AND(R7-$D$1>14,R7-$D$1<=21),"Semana 3",""))))) -> Documento Removido | W7: =IF(OR(K7="Documento a emitir", K7="Documento Emitido"), "", IF(AND(ISNUMBER(K7), K7>=TODAY()-WEEKDAY(TODAY(),2)-6, K7<=TODAY()-WEEKDAY(TODAY(),2)+5), IF(G7=0, "Emissão Semana", "Atendimento de Comentário"), "")) -> #N/A
A8: 5 | B8: =_xlfn.XLOOKUP(D8,'LD-ELFA'!F:F,'LD-ELFA'!C:C) -> #N/A | C8: =_xlfn.XLOOKUP(D8,'LD-ELFA'!F:F,'LD-ELFA'!D:D) -> #N/A | D8: BL1132-0001-AI-DIN-2001 | E8: =_xlfn.LET(_xlpm.q,_xlfn.XLOOKUP(D8,'LD-ELFA'!F:F,'LD-ELFA'!Q:Q), _xlpm.r,_xlfn.XLOOKUP(D8,'LD-ELFA'!F:F,'LD-ELFA'!R:R), IF(_xlpm.r = "", _xlpm.q, _xlpm.q & " - " & _xlpm.r)) -> #N/A | F8: =IF(ISNUMBER(VALUE(RIGHT(D8,4))), IF(AND(VALUE(RIGHT(D8,4))>=1000, VALUE(RIGHT(D8,4))<2000), "Conceitual", IF(AND(VALUE(RIGHT(D8,4))>=2000, VALUE(RIGHT(D8,4))<3000), "Básico", IF(AND(VALUE(RIGHT(D8,4))>=3000, VALUE(RIGHT(D8,4))<4000), "Detalhado", ""))), "") -> Básico | G8: =_xlfn.XLOOKUP(D8,'LD-ELFA'!F:F,'LD-ELFA'!G:G) -> #N/A | H8: =_xlfn.XLOOKUP(D8,'LD-ELFA'!F:F,'LD-ELFA'!I:I) -> #N/A | I8: =IF(_xlfn.XLOOKUP(D8,'LD-ELFA'!F:F,'LD-ELFA'!T:T)="","",_xlfn.XLOOKUP(D8,'LD-ELFA'!F:F,'LD-ELFA'!T:T)) -> #N/A | J8: =IF(K8="Documento a emitir", "",_xlfn.XLOOKUP(D8,'LD-ELFA'!F:F,'LD-ELFA'!N:N)) -> #N/A | K8: =IF(_xlfn.XLOOKUP($D8,'LD-ELFA'!F:F,'LD-ELFA'!U:U)="","Documento a emitir",_xlfn.XLOOKUP($D8,'LD-ELFA'!F:F,'LD-ELFA'!U:U)) -> #N/A | L8: =IF(K8="Documento a emitir","Documento a emitir",IF(K8<>"Documento a emitir",IF(_xlfn.XLOOKUP(D8,'LD-ELFA'!F:F,'LD-ELFA'!W:W)="","",_xlfn.XLOOKUP(D8,'LD-ELFA'!F:F,'LD-ELFA'!W:W)),"")) -> #N/A | M8: =IF(K8="Documento a emitir","",IF(AND(Q8="APC-R - APC-R - Aprovado com Comentários (Retornar para uma nova Aprovação)",Q8="APC-L - APC-L - Aprovado com Comentários (Retornar Aprovado)"),"",IF(OR(_xlfn.XLOOKUP(D8,'LD-ELFA'!F:F,'LD-ELFA'!N:N)="PARA CONHECIMENTO",_xlfn.XLOOKUP(D8,'LD-ELFA'!F:F,'LD-ELFA'!N:N)="PARA CONSTRUÇÃO",_xlfn.XLOOKUP(D8,'LD-ELFA'!F:F,'LD-ELFA'!N:N)="PARA COTAÇÃO",_xlfn.XLOOKUP(D8,'LD-ELFA'!F:F,'LD-ELFA'!N:N)="CANCELADO"),_xlfn.XLOOKUP(D8,'LD-ELFA'!F:F,'LD-ELFA'!U:U),IF(AND(L8="",J8<>"PARA APROVAÇÃO"),"","")))) -> #N/A | N8: =IF(O8="Documento Concluído","Documento Concluído",IF(O8="Cliente - Atendimento de Comentário",IF(TODAY()<=(K8+3),"No prazo","Atrasado"),IF(O8="Cliente - Atendimento de Comentário",IF(TODAY()<=(WORKDAY(K8,3,0)),"No prazo","Atrasado"),IF(O8="Blossom - Emissão Final",IF(TODAY()<=(WORKDAY(L8,3,0)),"No prazo","Atrasado"),IF(O8="Blossom - Atendimento de Comentário",IF(TODAY()<=(WORKDAY(L8,3,0)),"No prazo","Atrasado"),IF(O8="Blossom - Documento a emitir","Documento a Emitir",IF(O8="Documento Removido","Documento Removido","ERRO"))))))) -> Documento Removido | O8: =IF(R8="Documento Removido","Documento Removido",IF(M8<>"","Documento Concluído",IF(AND(M8="",Q8="PARA APROVAÇÃO"),"Blossom - Emissão Final",IF(AND(M8="",Q8="APC-L - APC-L - Aprovado com Comentários (Retornar Aprovado)",Q8="APC-R - APC-R - Aprovado com Comentários (Retornar para uma nova Aprovação)"),"Blossom - Atendimento de Comentário",IF(AND(L8<>"",J8="PARA APROVAÇÃO"),"Blossom - Atendimento de Comentário",IF(AND(L8<>"",J8="PRELIMINAR"),"Blossom - Atendimento de Comentário",IF(AND(L8="",J8<>"PARA APROVAÇÃO"),"Cliente - Atendimento de Comentário",IF(AND(L8="",J8<>"PRELIMINAR"),"Cliente - Atendimento de Comentário",IF(AND(K8<>"Documento a emitir",J8="PARA APROVAÇÃO"),"Cliente - Atendimento de Comentário",IF(K8="Documento a emitir","Blossom - Documento a emitir","ERRO")))))))))) -> Documento Removido | P8: =IF(O8="Documento finalizado","Documento finalizado",IF(ISNUMBER(FIND("Cliente",O8)),"Circlua","Blossom")) -> Blossom | Q8: =IF(_xlfn.XLOOKUP(D8,'LD-ELFA'!F:F,'LD-ELFA'!V:V)="","",_xlfn.XLOOKUP(D8,'LD-ELFA'!F:F,'LD-ELFA'!V:V)) -> #N/A | R8: =IFERROR(IF(I8<>"","Documento Emitido",_xlfn.XLOOKUP(D8,Cronograma!P:P,Cronograma!Q:Q)),"Documento Removido") -> Documento Removido | S8: =IFERROR(IF(K8<>"Documento a emitir","Documento Emitido",IF(R8<TODAY(),"Emissão Atrasada","No prazo")),"Documento Removido") -> Documento Removido | T8: =IFERROR(IF(I8<>"","Documento Emitido",_xlfn.XLOOKUP(D8,Cronograma!P:P,Cronograma!R:R)),"Documento Removido") -> Documento Removido | U8: =IFERROR(IF(K8<>"Documento a emitir","Documento Emitido",IF(T8<R8,"Emissão Atrasada","No prazo")),"Documento Removido") -> Documento Removido | V8: =IF(R8="Documento Emitido","Documento Emitido", IF(R8="Documento Removido","Documento Removido", IF(AND(R8-$D$1>=0,R8-$D$1<=7),"Semana 1", IF(AND(R8-$D$1>7,R8-$D$1<=14),"Semana 2",IF(AND(R8-$D$1>14,R8-$D$1<=21),"Semana 3",""))))) -> Documento Removido | W8: =IF(OR(K8="Documento a emitir", K8="Documento Emitido"), "", IF(AND(ISNUMBER(K8), K8>=TODAY()-WEEKDAY(TODAY(),2)-6, K8<=TODAY()-WEEKDAY(TODAY(),2)+5), IF(G8=0, "Emissão Semana", "Atendimento de Comentário"), "")) -> #N/A
A9: 6 | B9: =_xlfn.XLOOKUP(D9,'LD-ELFA'!F:F,'LD-ELFA'!C:C) -> #N/A | C9: =_xlfn.XLOOKUP(D9,'LD-ELFA'!F:F,'LD-ELFA'!D:D) -> #N/A | D9: BL1132-0001-AI-DIN-2002 | E9: =_xlfn.LET(_xlpm.q,_xlfn.XLOOKUP(D9,'LD-ELFA'!F:F,'LD-ELFA'!Q:Q), _xlpm.r,_xlfn.XLOOKUP(D9,'LD-ELFA'!F:F,'LD-ELFA'!R:R), IF(_xlpm.r = "", _xlpm.q, _xlpm.q & " - " & _xlpm.r)) -> #N/A | F9: =IF(ISNUMBER(VALUE(RIGHT(D9,4))), IF(AND(VALUE(RIGHT(D9,4))>=1000, VALUE(RIGHT(D9,4))<2000), "Conceitual", IF(AND(VALUE(RIGHT(D9,4))>=2000, VALUE(RIGHT(D9,4))<3000), "Básico", IF(AND(VALUE(RIGHT(D9,4))>=3000, VALUE(RIGHT(D9,4))<4000), "Detalhado", ""))), "") -> Básico | G9: =_xlfn.XLOOKUP(D9,'LD-ELFA'!F:F,'LD-ELFA'!G:G) -> #N/A | H9: =_xlfn.XLOOKUP(D9,'LD-ELFA'!F:F,'LD-ELFA'!I:I) -> #N/A | I9: =IF(_xlfn.XLOOKUP(D9,'LD-ELFA'!F:F,'LD-ELFA'!T:T)="","",_xlfn.XLOOKUP(D9,'LD-ELFA'!F:F,'LD-ELFA'!T:T)) -> #N/A | J9: =IF(K9="Documento a emitir", "",_xlfn.XLOOKUP(D9,'LD-ELFA'!F:F,'LD-ELFA'!N:N)) -> #N/A | K9: =IF(_xlfn.XLOOKUP($D9,'LD-ELFA'!F:F,'LD-ELFA'!U:U)="","Documento a emitir",_xlfn.XLOOKUP($D9,'LD-ELFA'!F:F,'LD-ELFA'!U:U)) -> #N/A | L9: =IF(K9="Documento a emitir","Documento a emitir",IF(K9<>"Documento a emitir",IF(_xlfn.XLOOKUP(D9,'LD-ELFA'!F:F,'LD-ELFA'!W:W)="","",_xlfn.XLOOKUP(D9,'LD-ELFA'!F:F,'LD-ELFA'!W:W)),"")) -> #N/A | M9: =IF(K9="Documento a emitir","",IF(AND(Q9="APC-R - APC-R - Aprovado com Comentários (Retornar para uma nova Aprovação)",Q9="APC-L - APC-L - Aprovado com Comentários (Retornar Aprovado)"),"",IF(OR(_xlfn.XLOOKUP(D9,'LD-ELFA'!F:F,'LD-ELFA'!N:N)="PARA CONHECIMENTO",_xlfn.XLOOKUP(D9,'LD-ELFA'!F:F,'LD-ELFA'!N:N)="PARA CONSTRUÇÃO",_xlfn.XLOOKUP(D9,'LD-ELFA'!F:F,'LD-ELFA'!N:N)="PARA COTAÇÃO",_xlfn.XLOOKUP(D9,'LD-ELFA'!F:F,'LD-ELFA'!N:N)="CANCELADO"),_xlfn.XLOOKUP(D9,'LD-ELFA'!F:F,'LD-ELFA'!U:U),IF(AND(L9="",J9<>"PARA APROVAÇÃO"),"","")))) -> #N/A | N9: =IF(O9="Documento Concluído","Documento Concluído",IF(O9="Cliente - Atendimento de Comentário",IF(TODAY()<=(K9+3),"No prazo","Atrasado"),IF(O9="Cliente - Atendimento de Comentário",IF(TODAY()<=(WORKDAY(K9,3,0)),"No prazo","Atrasado"),IF(O9="Blossom - Emissão Final",IF(TODAY()<=(WORKDAY(L9,3,0)),"No prazo","Atrasado"),IF(O9="Blossom - Atendimento de Comentário",IF(TODAY()<=(WORKDAY(L9,3,0)),"No prazo","Atrasado"),IF(O9="Blossom - Documento a emitir","Documento a Emitir",IF(O9="Documento Removido","Documento Removido","ERRO"))))))) -> Documento Removido | O9: =IF(R9="Documento Removido","Documento Removido",IF(M9<>"","Documento Concluído",IF(AND(M9="",Q9="PARA APROVAÇÃO"),"Blossom - Emissão Final",IF(AND(M9="",Q9="APC-L - APC-L - Aprovado com Comentários (Retornar Aprovado)",Q9="APC-R - APC-R - Aprovado com Comentários (Retornar para uma nova Aprovação)"),"Blossom - Atendimento de Comentário",IF(AND(L9<>"",J9="PARA APROVAÇÃO"),"Blossom - Atendimento de Comentário",IF(AND(L9<>"",J9="PRELIMINAR"),"Blossom - Atendimento de Comentário",IF(AND(L9="",J9<>"PARA APROVAÇÃO"),"Cliente - Atendimento de Comentário",IF(AND(L9="",J9<>"PRELIMINAR"),"Cliente - Atendimento de Comentário",IF(AND(K9<>"Documento a emitir",J9="PARA APROVAÇÃO"),"Cliente - Atendimento de Comentário",IF(K9="Documento a emitir","Blossom - Documento a emitir","ERRO")))))))))) -> Documento Removido | P9: =IF(O9="Documento finalizado","Documento finalizado",IF(ISNUMBER(FIND("Cliente",O9)),"Circlua","Blossom")) -> Blossom | Q9: =IF(_xlfn.XLOOKUP(D9,'LD-ELFA'!F:F,'LD-ELFA'!V:V)="","",_xlfn.XLOOKUP(D9,'LD-ELFA'!F:F,'LD-ELFA'!V:V)) -> #N/A | R9: =IFERROR(IF(I9<>"","Documento Emitido",_xlfn.XLOOKUP(D9,Cronograma!P:P,Cronograma!Q:Q)),"Documento Removido") -> Documento Removido | S9: =IFERROR(IF(K9<>"Documento a emitir","Documento Emitido",IF(R9<TODAY(),"Emissão Atrasada","No prazo")),"Documento Removido") -> Documento Removido | T9: =IFERROR(IF(I9<>"","Documento Emitido",_xlfn.XLOOKUP(D9,Cronograma!P:P,Cronograma!R:R)),"Documento Removido") -> Documento Removido | U9: =IFERROR(IF(K9<>"Documento a emitir","Documento Emitido",IF(T9<R9,"Emissão Atrasada","No prazo")),"Documento Removido") -> Documento Removido | V9: =IF(R9="Documento Emitido","Documento Emitido", IF(R9="Documento Removido","Documento Removido", IF(AND(R9-$D$1>=0,R9-$D$1<=7),"Semana 1", IF(AND(R9-$D$1>7,R9-$D$1<=14),"Semana 2",IF(AND(R9-$D$1>14,R9-$D$1<=21),"Semana 3",""))))) -> Documento Removido | W9: =IF(OR(K9="Documento a emitir", K9="Documento Emitido"), "", IF(AND(ISNUMBER(K9), K9>=TODAY()-WEEKDAY(TODAY(),2)-6, K9<=TODAY()-WEEKDAY(TODAY(),2)+5), IF(G9=0, "Emissão Semana", "Atendimento de Comentário"), "")) -> #N/A
A10: 7 | B10: =_xlfn.XLOOKUP(D10,'LD-ELFA'!F:F,'LD-ELFA'!C:C) -> #N/A | C10: =_xlfn.XLOOKUP(D10,'LD-ELFA'!F:F,'LD-ELFA'!D:D) -> #N/A | D10: BL1132-0001-AI-DIN-2003 | E10: =_xlfn.LET(_xlpm.q,_xlfn.XLOOKUP(D10,'LD-ELFA'!F:F,'LD-ELFA'!Q:Q), _xlpm.r,_xlfn.XLOOKUP(D10,'LD-ELFA'!F:F,'LD-ELFA'!R:R), IF(_xlpm.r = "", _xlpm.q, _xlpm.q & " - " & _xlpm.r)) -> #N/A | F10: =IF(ISNUMBER(VALUE(RIGHT(D10,4))), IF(AND(VALUE(RIGHT(D10,4))>=1000, VALUE(RIGHT(D10,4))<2000), "Conceitual", IF(AND(VALUE(RIGHT(D10,4))>=2000, VALUE(RIGHT(D10,4))<3000), "Básico", IF(AND(VALUE(RIGHT(D10,4))>=3000, VALUE(RIGHT(D10,4))<4000), "Detalhado", ""))), "") -> Básico | G10: =_xlfn.XLOOKUP(D10,'LD-ELFA'!F:F,'LD-ELFA'!G:G) -> #N/A | H10: =_xlfn.XLOOKUP(D10,'LD-ELFA'!F:F,'LD-ELFA'!I:I) -> #N/A | I10: =IF(_xlfn.XLOOKUP(D10,'LD-ELFA'!F:F,'LD-ELFA'!T:T)="","",_xlfn.XLOOKUP(D10,'LD-ELFA'!F:F,'LD-ELFA'!T:T)) -> #N/A | J10: =IF(K10="Documento a emitir", "",_xlfn.XLOOKUP(D10,'LD-ELFA'!F:F,'LD-ELFA'!N:N)) -> #N/A | K10: =IF(_xlfn.XLOOKUP($D10,'LD-ELFA'!F:F,'LD-ELFA'!U:U)="","Documento a emitir",_xlfn.XLOOKUP($D10,'LD-ELFA'!F:F,'LD-ELFA'!U:U)) -> #N/A | L10: =IF(K10="Documento a emitir","Documento a emitir",IF(K10<>"Documento a emitir",IF(_xlfn.XLOOKUP(D10,'LD-ELFA'!F:F,'LD-ELFA'!W:W)="","",_xlfn.XLOOKUP(D10,'LD-ELFA'!F:F,'LD-ELFA'!W:W)),"")) -> #N/A | M10: =IF(K10="Documento a emitir","",IF(AND(Q10="APC-R - APC-R - Aprovado com Comentários (Retornar para uma nova Aprovação)",Q10="APC-L - APC-L - Aprovado com Comentários (Retornar Aprovado)"),"",IF(OR(_xlfn.XLOOKUP(D10,'LD-ELFA'!F:F,'LD-ELFA'!N:N)="PARA CONHECIMENTO",_xlfn.XLOOKUP(D10,'LD-ELFA'!F:F,'LD-ELFA'!N:N)="PARA CONSTRUÇÃO",_xlfn.XLOOKUP(D10,'LD-ELFA'!F:F,'LD-ELFA'!N:N)="PARA COTAÇÃO",_xlfn.XLOOKUP(D10,'LD-ELFA'!F:F,'LD-ELFA'!N:N)="CANCELADO"),_xlfn.XLOOKUP(D10,'LD-ELFA'!F:F,'LD-ELFA'!U:U),IF(AND(L10="",J10<>"PARA APROVAÇÃO"),"","")))) -> #N/A | N10: =IF(O10="Documento Concluído","Documento Concluído",IF(O10="Cliente - Atendimento de Comentário",IF(TODAY()<=(K10+3),"No prazo","Atrasado"),IF(O10="Cliente - Atendimento de Comentário",IF(TODAY()<=(WORKDAY(K10,3,0)),"No prazo","Atrasado"),IF(O10="Blossom - Emissão Final",IF(TODAY()<=(WORKDAY(L10,3,0)),"No prazo","Atrasado"),IF(O10="Blossom - Atendimento de Comentário",IF(TODAY()<=(WORKDAY(L10,3,0)),"No prazo","Atrasado"),IF(O10="Blossom - Documento a emitir","Documento a Emitir",IF(O10="Documento Removido","Documento Removido","ERRO"))))))) -> Documento Removido | O10: =IF(R10="Documento Removido","Documento Removido",IF(M10<>"","Documento Concluído",IF(AND(M10="",Q10="PARA APROVAÇÃO"),"Blossom - Emissão Final",IF(AND(M10="",Q10="APC-L - APC-L - Aprovado com Comentários (Retornar Aprovado)",Q10="APC-R - APC-R - Aprovado com Comentários (Retornar para uma nova Aprovação)"),"Blossom - Atendimento de Comentário",IF(AND(L10<>"",J10="PARA APROVAÇÃO"),"Blossom - Atendimento de Comentário",IF(AND(L10<>"",J10="PRELIMINAR"),"Blossom - Atendimento de Comentário",IF(AND(L10="",J10<>"PARA APROVAÇÃO"),"Cliente - Atendimento de Comentário",IF(AND(L10="",J10<>"PRELIMINAR"),"Cliente - Atendimento de Comentário",IF(AND(K10<>"Documento a emitir",J10="PARA APROVAÇÃO"),"Cliente - Atendimento de Comentário",IF(K10="Documento a emitir","Blossom - Documento a emitir","ERRO")))))))))) -> Documento Removido | P10: =IF(O10="Documento finalizado","Documento finalizado",IF(ISNUMBER(FIND("Cliente",O10)),"Circlua","Blossom")) -> Blossom | Q10: =IF(_xlfn.XLOOKUP(D10,'LD-ELFA'!F:F,'LD-ELFA'!V:V)="","",_xlfn.XLOOKUP(D10,'LD-ELFA'!F:F,'LD-ELFA'!V:V)) -> #N/A | R10: =IFERROR(IF(I10<>"","Documento Emitido",_xlfn.XLOOKUP(D10,Cronograma!P:P,Cronograma!Q:Q)),"Documento Removido") -> Documento Removido | S10: =IFERROR(IF(K10<>"Documento a emitir","Documento Emitido",IF(R10<TODAY(),"Emissão Atrasada","No prazo")),"Documento Removido") -> Documento Removido | T10: =IFERROR(IF(I10<>"","Documento Emitido",_xlfn.XLOOKUP(D10,Cronograma!P:P,Cronograma!R:R)),"Documento Removido") -> Documento Removido | U10: =IFERROR(IF(K10<>"Documento a emitir","Documento Emitido",IF(T10<R10,"Emissão Atrasada","No prazo")),"Documento Removido") -> Documento Removido | V10: =IF(R10="Documento Emitido","Documento Emitido", IF(R10="Documento Removido","Documento Removido", IF(AND(R10-$D$1>=0,R10-$D$1<=7),"Semana 1", IF(AND(R10-$D$1>7,R10-$D$1<=14),"Semana 2",IF(AND(R10-$D$1>14,R10-$D$1<=21),"Semana 3",""))))) -> Documento Removido | W10: =IF(OR(K10="Documento a emitir", K10="Documento Emitido"), "", IF(AND(ISNUMBER(K10), K10>=TODAY()-WEEKDAY(TODAY(),2)-6, K10<=TODAY()-WEEKDAY(TODAY(),2)+5), IF(G10=0, "Emissão Semana", "Atendimento de Comentário"), "")) -> #N/A
A11: 8 | B11: =_xlfn.XLOOKUP(D11,'LD-ELFA'!F:F,'LD-ELFA'!C:C) -> AI - Automacao E Instrumentacao | C11: =_xlfn.XLOOKUP(D11,'LD-ELFA'!F:F,'LD-ELFA'!D:D) -> DPR - Diagrama De Projeto | D11: BL1132-0001-AI-DPR-2002 | E11: =_xlfn.LET(_xlpm.q,_xlfn.XLOOKUP(D11,'LD-ELFA'!F:F,'LD-ELFA'!Q:Q), _xlpm.r,_xlfn.XLOOKUP(D11,'LD-ELFA'!F:F,'LD-ELFA'!R:R), IF(_xlpm.r = "", _xlpm.q, _xlpm.q & " - " & _xlpm.r)) -> carol - carol | F11: =IF(ISNUMBER(VALUE(RIGHT(D11,4))), IF(AND(VALUE(RIGHT(D11,4))>=1000, VALUE(RIGHT(D11,4))<2000), "Conceitual", IF(AND(VALUE(RIGHT(D11,4))>=2000, VALUE(RIGHT(D11,4))<3000), "Básico", IF(AND(VALUE(RIGHT(D11,4))>=3000, VALUE(RIGHT(D11,4))<4000), "Detalhado", ""))), "") -> Básico | G11: =_xlfn.XLOOKUP(D11,'LD-ELFA'!F:F,'LD-ELFA'!G:G) -> 0 | H11: =_xlfn.XLOOKUP(D11,'LD-ELFA'!F:F,'LD-ELFA'!I:I) -> carol | I11: =IF(_xlfn.XLOOKUP(D11,'LD-ELFA'!F:F,'LD-ELFA'!T:T)="","",_xlfn.XLOOKUP(D11,'LD-ELFA'!F:F,'LD-ELFA'!T:T)) -> carol | J11: =IF(K11="Documento a emitir", "",_xlfn.XLOOKUP(D11,'LD-ELFA'!F:F,'LD-ELFA'!N:N)) -> carol | K11: =IF(_xlfn.XLOOKUP($D11,'LD-ELFA'!F:F,'LD-ELFA'!U:U)="","Documento a emitir",_xlfn.XLOOKUP($D11,'LD-ELFA'!F:F,'LD-ELFA'!U:U)) -> carol | L11: =IF(K11="Documento a emitir","Documento a emitir",IF(K11<>"Documento a emitir",IF(_xlfn.XLOOKUP(D11,'LD-ELFA'!F:F,'LD-ELFA'!W:W)="","",_xlfn.XLOOKUP(D11,'LD-ELFA'!F:F,'LD-ELFA'!W:W)),"")) -> carol | M11: =IF(K11="Documento a emitir","",IF(AND(Q11="APC-R - APC-R - Aprovado com Comentários (Retornar para uma nova Aprovação)",Q11="APC-L - APC-L - Aprovado com Comentários (Retornar Aprovado)"),"",IF(OR(_xlfn.XLOOKUP(D11,'LD-ELFA'!F:F,'LD-ELFA'!N:N)="PARA CONHECIMENTO",_xlfn.XLOOKUP(D11,'LD-ELFA'!F:F,'LD-ELFA'!N:N)="PARA CONSTRUÇÃO",_xlfn.XLOOKUP(D11,'LD-ELFA'!F:F,'LD-ELFA'!N:N)="PARA COTAÇÃO",_xlfn.XLOOKUP(D11,'LD-ELFA'!F:F,'LD-ELFA'!N:N)="CANCELADO"),_xlfn.XLOOKUP(D11,'LD-ELFA'!F:F,'LD-ELFA'!U:U),IF(AND(L11="",J11<>"PARA APROVAÇÃO"),"","")))) | N11: =IF(O11="Documento Concluído","Documento Concluído",IF(O11="Cliente - Atendimento de Comentário",IF(TODAY()<=(K11+3),"No prazo","Atrasado"),IF(O11="Cliente - Atendimento de Comentário",IF(TODAY()<=(WORKDAY(K11,3,0)),"No prazo","Atrasado"),IF(O11="Blossom - Emissão Final",IF(TODAY()<=(WORKDAY(L11,3,0)),"No prazo","Atrasado"),IF(O11="Blossom - Atendimento de Comentário",IF(TODAY()<=(WORKDAY(L11,3,0)),"No prazo","Atrasado"),IF(O11="Blossom - Documento a emitir","Documento a Emitir","ERRO")))))) -> ERRO | O11: =IF(R11="Documento Removido","Documento Removido",IF(M11<>"","Documento Concluído",IF(AND(M11="",Q11="PARA APROVAÇÃO"),"Blossom - Emissão Final",IF(AND(M11="",Q11="APC-L - APC-L - Aprovado com Comentários (Retornar Aprovado)",Q11="APC-R - APC-R - Aprovado com Comentários (Retornar para uma nova Aprovação)"),"Blossom - Atendimento de Comentário",IF(AND(L11<>"",J11="PARA APROVAÇÃO"),"Blossom - Atendimento de Comentário",IF(AND(L11<>"",J11="PRELIMINAR"),"Blossom - Atendimento de Comentário",IF(AND(L11="",J11<>"PARA APROVAÇÃO"),"Cliente - Atendimento de Comentário",IF(AND(L11="",J11<>"PRELIMINAR"),"Cliente - Atendimento de Comentário",IF(AND(K11<>"Documento a emitir",J11="PARA APROVAÇÃO"),"Cliente - Atendimento de Comentário",IF(K11="Documento a emitir","Blossom - Documento a emitir","ERRO")))))))))) -> ERRO | P11: =IF(O11="Documento finalizado","Documento finalizado",IF(ISNUMBER(FIND("Cliente",O11)),"Circlua","Blossom")) -> Blossom | Q11: =IF(_xlfn.XLOOKUP(D11,'LD-ELFA'!F:F,'LD-ELFA'!V:V)="","",_xlfn.XLOOKUP(D11,'LD-ELFA'!F:F,'LD-ELFA'!V:V)) -> carol | R11: =IFERROR(IF(I11<>"","Documento Emitido",_xlfn.XLOOKUP(D11,Cronograma!P:P,Cronograma!Q:Q)),"Documento Removido") -> Documento Emitido | S11: =IFERROR(IF(K11<>"Documento a emitir","Documento Emitido",IF(R11<TODAY(),"Emissão Atrasada","No prazo")),"Documento Removido") -> Documento Emitido | T11: =IFERROR(IF(I11<>"","Documento Emitido",_xlfn.XLOOKUP(D11,Cronograma!P:P,Cronograma!R:R)),"Documento Removido") -> Documento Emitido | U11: =IFERROR(IF(K11<>"Documento a emitir","Documento Emitido",IF(T11<R11,"Emissão Atrasada","No prazo")),"Documento Removido") -> Documento Emitido | V11: =IF(R11="Documento Emitido","Documento Emitido", IF(R11="Documento Removido","Documento Removido", IF(AND(R11-$D$1>=0,R11-$D$1<=7),"Semana 1", IF(AND(R11-$D$1>7,R11-$D$1<=14),"Semana 2",IF(AND(R11-$D$1>14,R11-$D$1<=21),"Semana 3",""))))) -> Documento Emitido | W11: =IF(OR(K11="Documento a emitir", K11="Documento Emitido"), "", IF(AND(ISNUMBER(K11), K11>=TODAY()-WEEKDAY(TODAY(),2)-6, K11<=TODAY()-WEEKDAY(TODAY(),2)+5), IF(G11=0, "Emissão Semana", "Atendimento de Comentário"), ""))
A12: 9 | B12: =_xlfn.XLOOKUP(D12,'LD-ELFA'!F:F,'LD-ELFA'!C:C) -> AI - Automacao E Instrumentacao | C12: =_xlfn.XLOOKUP(D12,'LD-ELFA'!F:F,'LD-ELFA'!D:D) -> DPR - Diagrama De Projeto | D12: BL1132-0001-AI-DPR-2003 | E12: =_xlfn.LET(_xlpm.q,_xlfn.XLOOKUP(D12,'LD-ELFA'!F:F,'LD-ELFA'!Q:Q), _xlpm.r,_xlfn.XLOOKUP(D12,'LD-ELFA'!F:F,'LD-ELFA'!R:R), IF(_xlpm.r = "", _xlpm.q, _xlpm.q & " - " & _xlpm.r)) -> DIAGRAMA DE CONFIGURAÇÃO SAS/SGE | F12: =IF(ISNUMBER(VALUE(RIGHT(D12,4))), IF(AND(VALUE(RIGHT(D12,4))>=1000, VALUE(RIGHT(D12,4))<2000), "Conceitual", IF(AND(VALUE(RIGHT(D12,4))>=2000, VALUE(RIGHT(D12,4))<3000), "Básico", IF(AND(VALUE(RIGHT(D12,4))>=3000, VALUE(RIGHT(D12,4))<4000), "Detalhado", ""))), "") -> Básico | G12: =_xlfn.XLOOKUP(D12,'LD-ELFA'!F:F,'LD-ELFA'!G:G) -> 0 | H12: =_xlfn.XLOOKUP(D12,'LD-ELFA'!F:F,'LD-ELFA'!I:I) -> 0 | I12: =IF(_xlfn.XLOOKUP(D12,'LD-ELFA'!F:F,'LD-ELFA'!T:T)="","",_xlfn.XLOOKUP(D12,'LD-ELFA'!F:F,'LD-ELFA'!T:T)) | J12: =IF(K12="Documento a emitir", "",_xlfn.XLOOKUP(D12,'LD-ELFA'!F:F,'LD-ELFA'!N:N)) | K12: =IF(_xlfn.XLOOKUP($D12,'LD-ELFA'!F:F,'LD-ELFA'!U:U)="","Documento a emitir",_xlfn.XLOOKUP($D12,'LD-ELFA'!F:F,'LD-ELFA'!U:U)) -> Documento a emitir | L12: =IF(K12="Documento a emitir","Documento a emitir",IF(K12<>"Documento a emitir",IF(_xlfn.XLOOKUP(D12,'LD-ELFA'!F:F,'LD-ELFA'!W:W)="","",_xlfn.XLOOKUP(D12,'LD-ELFA'!F:F,'LD-ELFA'!W:W)),"")) -> Documento a emitir | M12: =IF(K12="Documento a emitir","",IF(AND(Q12="APC-R - APC-R - Aprovado com Comentários (Retornar para uma nova Aprovação)",Q12="APC-L - APC-L - Aprovado com Comentários (Retornar Aprovado)"),"",IF(OR(_xlfn.XLOOKUP(D12,'LD-ELFA'!F:F,'LD-ELFA'!N:N)="PARA CONHECIMENTO",_xlfn.XLOOKUP(D12,'LD-ELFA'!F:F,'LD-ELFA'!N:N)="PARA CONSTRUÇÃO",_xlfn.XLOOKUP(D12,'LD-ELFA'!F:F,'LD-ELFA'!N:N)="PARA COTAÇÃO",_xlfn.XLOOKUP(D12,'LD-ELFA'!F:F,'LD-ELFA'!N:N)="CANCELADO"),_xlfn.XLOOKUP(D12,'LD-ELFA'!F:F,'LD-ELFA'!U:U),IF(AND(L12="",J12<>"PARA APROVAÇÃO"),"","")))) | N12: =IF(O12="Documento Concluído","Documento Concluído",IF(O12="Cliente - Atendimento de Comentário",IF(TODAY()<=(K12+3),"No prazo","Atrasado"),IF(O12="Cliente - Atendimento de Comentário",IF(TODAY()<=(WORKDAY(K12,3,0)),"No prazo","Atrasado"),IF(O12="Blossom - Emissão Final",IF(TODAY()<=(WORKDAY(L12,3,0)),"No prazo","Atrasado"),IF(O12="Blossom - Atendimento de Comentário",IF(TODAY()<=(WORKDAY(L12,3,0)),"No prazo","Atrasado"),IF(O12="Blossom - Documento a emitir","Documento a Emitir","ERRO")))))) -> Documento a Emitir | O12: =IF(R12="Documento Removido","Documento Removido",IF(M12<>"","Documento Concluído",IF(AND(M12="",Q12="PARA APROVAÇÃO"),"Blossom - Emissão Final",IF(AND(M12="",Q12="APC-L - APC-L - Aprovado com Comentários (Retornar Aprovado)",Q12="APC-R - APC-R - Aprovado com Comentários (Retornar para uma nova Aprovação)"),"Blossom - Atendimento de Comentário",IF(AND(L12<>"",J12="PARA APROVAÇÃO"),"Blossom - Atendimento de Comentário",IF(AND(L12<>"",J12="PRELIMINAR"),"Blossom - Atendimento de Comentário",IF(AND(L12="",J12<>"PARA APROVAÇÃO"),"Cliente - Atendimento de Comentário",IF(AND(L12="",J12<>"PRELIMINAR"),"Cliente - Atendimento de Comentário",IF(AND(K12<>"Documento a emitir",J12="PARA APROVAÇÃO"),"Cliente - Atendimento de Comentário",IF(K12="Documento a emitir","Blossom - Documento a emitir","ERRO")))))))))) -> Blossom - Documento a emitir | P12: =IF(O12="Documento finalizado","Documento finalizado",IF(ISNUMBER(FIND("Cliente",O12)),"Circlua","Blossom")) -> Blossom | Q12: =IF(_xlfn.XLOOKUP(D12,'LD-ELFA'!F:F,'LD-ELFA'!V:V)="","",_xlfn.XLOOKUP(D12,'LD-ELFA'!F:F,'LD-ELFA'!V:V)) | R12: =IFERROR(IF(I12<>"","Documento Emitido",_xlfn.XLOOKUP(D12,Cronograma!P:P,Cronograma!Q:Q)),"Documento Removido") -> 46217 | S12: =IFERROR(IF(K12<>"Documento a emitir","Documento Emitido",IF(R12<TODAY(),"Emissão Atrasada","No prazo")),"Documento Removido") -> No prazo | T12: =IFERROR(IF(I12<>"","Documento Emitido",_xlfn.XLOOKUP(D12,Cronograma!P:P,Cronograma!R:R)),"Documento Removido") -> 46217 | U12: =IFERROR(IF(K12<>"Documento a emitir","Documento Emitido",IF(T12<R12,"Emissão Atrasada","No prazo")),"Documento Removido") -> No prazo | V12: =IF(R12="Documento Emitido","Documento Emitido", IF(R12="Documento Removido","Documento Removido", IF(AND(R12-$D$1>=0,R12-$D$1<=7),"Semana 1", IF(AND(R12-$D$1>7,R12-$D$1<=14),"Semana 2",IF(AND(R12-$D$1>14,R12-$D$1<=21),"Semana 3",""))))) -> Semana 1 | W12: =IF(OR(K12="Documento a emitir", K12="Documento Emitido"), "", IF(AND(ISNUMBER(K12), K12>=TODAY()-WEEKDAY(TODAY(),2)-6, K12<=TODAY()-WEEKDAY(TODAY(),2)+5), IF(G12=0, "Emissão Semana", "Atendimento de Comentário"), ""))
A13: 10 | B13: =_xlfn.XLOOKUP(D13,'LD-ELFA'!F:F,'LD-ELFA'!C:C) -> AI - Automacao E Instrumentacao | C13: =_xlfn.XLOOKUP(D13,'LD-ELFA'!F:F,'LD-ELFA'!D:D) -> DPR - Diagrama De Projeto | D13: BL1132-0001-AI-DPR-2004 | E13: =_xlfn.LET(_xlpm.q,_xlfn.XLOOKUP(D13,'LD-ELFA'!F:F,'LD-ELFA'!Q:Q), _xlpm.r,_xlfn.XLOOKUP(D13,'LD-ELFA'!F:F,'LD-ELFA'!R:R), IF(_xlpm.r = "", _xlpm.q, _xlpm.q & " - " & _xlpm.r)) -> DIAGRAMA DE CONFIGURAÇÃO DE TELECOM - SDACI | F13: =IF(ISNUMBER(VALUE(RIGHT(D13,4))), IF(AND(VALUE(RIGHT(D13,4))>=1000, VALUE(RIGHT(D13,4))<2000), "Conceitual", IF(AND(VALUE(RIGHT(D13,4))>=2000, VALUE(RIGHT(D13,4))<3000), "Básico", IF(AND(VALUE(RIGHT(D13,4))>=3000, VALUE(RIGHT(D13,4))<4000), "Detalhado", ""))), "") -> Básico | G13: =_xlfn.XLOOKUP(D13,'LD-ELFA'!F:F,'LD-ELFA'!G:G) -> 0 | H13: =_xlfn.XLOOKUP(D13,'LD-ELFA'!F:F,'LD-ELFA'!I:I) -> 0 | I13: =IF(_xlfn.XLOOKUP(D13,'LD-ELFA'!F:F,'LD-ELFA'!T:T)="","",_xlfn.XLOOKUP(D13,'LD-ELFA'!F:F,'LD-ELFA'!T:T)) | J13: =IF(K13="Documento a emitir", "",_xlfn.XLOOKUP(D13,'LD-ELFA'!F:F,'LD-ELFA'!N:N)) | K13: =IF(_xlfn.XLOOKUP($D13,'LD-ELFA'!F:F,'LD-ELFA'!U:U)="","Documento a emitir",_xlfn.XLOOKUP($D13,'LD-ELFA'!F:F,'LD-ELFA'!U:U)) -> Documento a emitir | L13: =IF(K13="Documento a emitir","Documento a emitir",IF(K13<>"Documento a emitir",IF(_xlfn.XLOOKUP(D13,'LD-ELFA'!F:F,'LD-ELFA'!W:W)="","",_xlfn.XLOOKUP(D13,'LD-ELFA'!F:F,'LD-ELFA'!W:W)),"")) -> Documento a emitir | M13: =IF(K13="Documento a emitir","",IF(AND(Q13="APC-R - APC-R - Aprovado com Comentários (Retornar para uma nova Aprovação)",Q13="APC-L - APC-L - Aprovado com Comentários (Retornar Aprovado)"),"",IF(OR(_xlfn.XLOOKUP(D13,'LD-ELFA'!F:F,'LD-ELFA'!N:N)="PARA CONHECIMENTO",_xlfn.XLOOKUP(D13,'LD-ELFA'!F:F,'LD-ELFA'!N:N)="PARA CONSTRUÇÃO",_xlfn.XLOOKUP(D13,'LD-ELFA'!F:F,'LD-ELFA'!N:N)="PARA COTAÇÃO",_xlfn.XLOOKUP(D13,'LD-ELFA'!F:F,'LD-ELFA'!N:N)="CANCELADO"),_xlfn.XLOOKUP(D13,'LD-ELFA'!F:F,'LD-ELFA'!U:U),IF(AND(L13="",J13<>"PARA APROVAÇÃO"),"","")))) | N13: =IF(O13="Documento Concluído","Documento Concluído",IF(O13="Cliente - Atendimento de Comentário",IF(TODAY()<=(K13+3),"No prazo","Atrasado"),IF(O13="Cliente - Atendimento de Comentário",IF(TODAY()<=(WORKDAY(K13,3,0)),"No prazo","Atrasado"),IF(O13="Blossom - Emissão Final",IF(TODAY()<=(WORKDAY(L13,3,0)),"No prazo","Atrasado"),IF(O13="Blossom - Atendimento de Comentário",IF(TODAY()<=(WORKDAY(L13,3,0)),"No prazo","Atrasado"),IF(O13="Blossom - Documento a emitir","Documento a Emitir","ERRO")))))) -> Documento a Emitir | O13: =IF(R13="Documento Removido","Documento Removido",IF(M13<>"","Documento Concluído",IF(AND(M13="",Q13="PARA APROVAÇÃO"),"Blossom - Emissão Final",IF(AND(M13="",Q13="APC-L - APC-L - Aprovado com Comentários (Retornar Aprovado)",Q13="APC-R - APC-R - Aprovado com Comentários (Retornar para uma nova Aprovação)"),"Blossom - Atendimento de Comentário",IF(AND(L13<>"",J13="PARA APROVAÇÃO"),"Blossom - Atendimento de Comentário",IF(AND(L13<>"",J13="PRELIMINAR"),"Blossom - Atendimento de Comentário",IF(AND(L13="",J13<>"PARA APROVAÇÃO"),"Cliente - Atendimento de Comentário",IF(AND(L13="",J13<>"PRELIMINAR"),"Cliente - Atendimento de Comentário",IF(AND(K13<>"Documento a emitir",J13="PARA APROVAÇÃO"),"Cliente - Atendimento de Comentário",IF(K13="Documento a emitir","Blossom - Documento a emitir","ERRO")))))))))) -> Blossom - Documento a emitir | P13: =IF(O13="Documento finalizado","Documento finalizado",IF(ISNUMBER(FIND("Cliente",O13)),"Circlua","Blossom")) -> Blossom | Q13: =IF(_xlfn.XLOOKUP(D13,'LD-ELFA'!F:F,'LD-ELFA'!V:V)="","",_xlfn.XLOOKUP(D13,'LD-ELFA'!F:F,'LD-ELFA'!V:V)) | R13: =IFERROR(IF(I13<>"","Documento Emitido",_xlfn.XLOOKUP(D13,Cronograma!P:P,Cronograma!Q:Q)),"Documento Removido") -> 46252 | S13: =IFERROR(IF(K13<>"Documento a emitir","Documento Emitido",IF(R13<TODAY(),"Emissão Atrasada","No prazo")),"Documento Removido") -> No prazo | T13: =IFERROR(IF(I13<>"","Documento Emitido",_xlfn.XLOOKUP(D13,Cronograma!P:P,Cronograma!R:R)),"Documento Removido") -> 46252 | U13: =IFERROR(IF(K13<>"Documento a emitir","Documento Emitido",IF(T13<R13,"Emissão Atrasada","No prazo")),"Documento Removido") -> No prazo | V13: =IF(R13="Documento Emitido","Documento Emitido", IF(R13="Documento Removido","Documento Removido", IF(AND(R13-$D$1>=0,R13-$D$1<=7),"Semana 1", IF(AND(R13-$D$1>7,R13-$D$1<=14),"Semana 2",IF(AND(R13-$D$1>14,R13-$D$1<=21),"Semana 3",""))))) | W13: =IF(OR(K13="Documento a emitir", K13="Documento Emitido"), "", IF(AND(ISNUMBER(K13), K13>=TODAY()-WEEKDAY(TODAY(),2)-6, K13<=TODAY()-WEEKDAY(TODAY(),2)+5), IF(G13=0, "Emissão Semana", "Atendimento de Comentário"), ""))
A14: 11 | B14: =_xlfn.XLOOKUP(D14,'LD-ELFA'!F:F,'LD-ELFA'!C:C) -> AI - Automacao E Instrumentacao | C14: =_xlfn.XLOOKUP(D14,'LD-ELFA'!F:F,'LD-ELFA'!D:D) -> DPR - Diagrama De Projeto | D14: BL1132-0001-AI-DPR-2005 | E14: =_xlfn.LET(_xlpm.q,_xlfn.XLOOKUP(D14,'LD-ELFA'!F:F,'LD-ELFA'!Q:Q), _xlpm.r,_xlfn.XLOOKUP(D14,'LD-ELFA'!F:F,'LD-ELFA'!R:R), IF(_xlpm.r = "", _xlpm.q, _xlpm.q & " - " & _xlpm.r)) -> DIAGRAMA DE CONFIGURAÇÃO DE TELECOM - REDE DE DADOS E TELEFONIA | F14: =IF(ISNUMBER(VALUE(RIGHT(D14,4))), IF(AND(VALUE(RIGHT(D14,4))>=1000, VALUE(RIGHT(D14,4))<2000), "Conceitual", IF(AND(VALUE(RIGHT(D14,4))>=2000, VALUE(RIGHT(D14,4))<3000), "Básico", IF(AND(VALUE(RIGHT(D14,4))>=3000, VALUE(RIGHT(D14,4))<4000), "Detalhado", ""))), "") -> Básico | G14: =_xlfn.XLOOKUP(D14,'LD-ELFA'!F:F,'LD-ELFA'!G:G) -> 0 | H14: =_xlfn.XLOOKUP(D14,'LD-ELFA'!F:F,'LD-ELFA'!I:I) -> 0 | I14: =IF(_xlfn.XLOOKUP(D14,'LD-ELFA'!F:F,'LD-ELFA'!T:T)="","",_xlfn.XLOOKUP(D14,'LD-ELFA'!F:F,'LD-ELFA'!T:T)) | J14: =IF(K14="Documento a emitir", "",_xlfn.XLOOKUP(D14,'LD-ELFA'!F:F,'LD-ELFA'!N:N)) | K14: =IF(_xlfn.XLOOKUP($D14,'LD-ELFA'!F:F,'LD-ELFA'!U:U)="","Documento a emitir",_xlfn.XLOOKUP($D14,'LD-ELFA'!F:F,'LD-ELFA'!U:U)) -> Documento a emitir | L14: =IF(K14="Documento a emitir","Documento a emitir",IF(K14<>"Documento a emitir",IF(_xlfn.XLOOKUP(D14,'LD-ELFA'!F:F,'LD-ELFA'!W:W)="","",_xlfn.XLOOKUP(D14,'LD-ELFA'!F:F,'LD-ELFA'!W:W)),"")) -> Documento a emitir | M14: =IF(K14="Documento a emitir","",IF(AND(Q14="APC-R - APC-R - Aprovado com Comentários (Retornar para uma nova Aprovação)",Q14="APC-L - APC-L - Aprovado com Comentários (Retornar Aprovado)"),"",IF(OR(_xlfn.XLOOKUP(D14,'LD-ELFA'!F:F,'LD-ELFA'!N:N)="PARA CONHECIMENTO",_xlfn.XLOOKUP(D14,'LD-ELFA'!F:F,'LD-ELFA'!N:N)="PARA CONSTRUÇÃO",_xlfn.XLOOKUP(D14,'LD-ELFA'!F:F,'LD-ELFA'!N:N)="PARA COTAÇÃO",_xlfn.XLOOKUP(D14,'LD-ELFA'!F:F,'LD-ELFA'!N:N)="CANCELADO"),_xlfn.XLOOKUP(D14,'LD-ELFA'!F:F,'LD-ELFA'!U:U),IF(AND(L14="",J14<>"PARA APROVAÇÃO"),"","")))) | N14: =IF(O14="Documento Concluído","Documento Concluído",IF(O14="Cliente - Atendimento de Comentário",IF(TODAY()<=(K14+3),"No prazo","Atrasado"),IF(O14="Cliente - Atendimento de Comentário",IF(TODAY()<=(WORKDAY(K14,3,0)),"No prazo","Atrasado"),IF(O14="Blossom - Emissão Final",IF(TODAY()<=(WORKDAY(L14,3,0)),"No prazo","Atrasado"),IF(O14="Blossom - Atendimento de Comentário",IF(TODAY()<=(WORKDAY(L14,3,0)),"No prazo","Atrasado"),IF(O14="Blossom - Documento a emitir","Documento a Emitir","ERRO")))))) -> Documento a Emitir | O14: =IF(R14="Documento Removido","Documento Removido",IF(M14<>"","Documento Concluído",IF(AND(M14="",Q14="PARA APROVAÇÃO"),"Blossom - Emissão Final",IF(AND(M14="",Q14="APC-L - APC-L - Aprovado com Comentários (Retornar Aprovado)",Q14="APC-R - APC-R - Aprovado com Comentários (Retornar para uma nova Aprovação)"),"Blossom - Atendimento de Comentário",IF(AND(L14<>"",J14="PARA APROVAÇÃO"),"Blossom - Atendimento de Comentário",IF(AND(L14<>"",J14="PRELIMINAR"),"Blossom - Atendimento de Comentário",IF(AND(L14="",J14<>"PARA APROVAÇÃO"),"Cliente - Atendimento de Comentário",IF(AND(L14="",J14<>"PRELIMINAR"),"Cliente - Atendimento de Comentário",IF(AND(K14<>"Documento a emitir",J14="PARA APROVAÇÃO"),"Cliente - Atendimento de Comentário",IF(K14="Documento a emitir","Blossom - Documento a emitir","ERRO")))))))))) -> Blossom - Documento a emitir | P14: =IF(O14="Documento finalizado","Documento finalizado",IF(ISNUMBER(FIND("Cliente",O14)),"Circlua","Blossom")) -> Blossom | Q14: =IF(_xlfn.XLOOKUP(D14,'LD-ELFA'!F:F,'LD-ELFA'!V:V)="","",_xlfn.XLOOKUP(D14,'LD-ELFA'!F:F,'LD-ELFA'!V:V)) | R14: =IFERROR(IF(I14<>"","Documento Emitido",_xlfn.XLOOKUP(D14,Cronograma!P:P,Cronograma!Q:Q)),"Documento Removido") -> 46244 | S14: =IFERROR(IF(K14<>"Documento a emitir","Documento Emitido",IF(R14<TODAY(),"Emissão Atrasada","No prazo")),"Documento Removido") -> No prazo | T14: =IFERROR(IF(I14<>"","Documento Emitido",_xlfn.XLOOKUP(D14,Cronograma!P:P,Cronograma!R:R)),"Documento Removido") -> 46244 | U14: =IFERROR(IF(K14<>"Documento a emitir","Documento Emitido",IF(T14<R14,"Emissão Atrasada","No prazo")),"Documento Removido") -> No prazo | V14: =IF(R14="Documento Emitido","Documento Emitido", IF(R14="Documento Removido","Documento Removido", IF(AND(R14-$D$1>=0,R14-$D$1<=7),"Semana 1", IF(AND(R14-$D$1>7,R14-$D$1<=14),"Semana 2",IF(AND(R14-$D$1>14,R14-$D$1<=21),"Semana 3",""))))) | W14: =IF(OR(K14="Documento a emitir", K14="Documento Emitido"), "", IF(AND(ISNUMBER(K14), K14>=TODAY()-WEEKDAY(TODAY(),2)-6, K14<=TODAY()-WEEKDAY(TODAY(),2)+5), IF(G14=0, "Emissão Semana", "Atendimento de Comentário"), ""))
A15: 12 | B15: =_xlfn.XLOOKUP(D15,'LD-ELFA'!F:F,'LD-ELFA'!C:C) -> AI - Automacao E Instrumentacao | C15: =_xlfn.XLOOKUP(D15,'LD-ELFA'!F:F,'LD-ELFA'!D:D) -> DPR - Diagrama De Projeto | D15: BL1132-0001-AI-DPR-2006 | E15: =_xlfn.LET(_xlpm.q,_xlfn.XLOOKUP(D15,'LD-ELFA'!F:F,'LD-ELFA'!Q:Q), _xlpm.r,_xlfn.XLOOKUP(D15,'LD-ELFA'!F:F,'LD-ELFA'!R:R), IF(_xlpm.r = "", _xlpm.q, _xlpm.q & " - " & _xlpm.r)) -> DIAGRAMA DE CONFIGURAÇÃO DE TELECOM - SEGURANÇA PATRIMONIAL | F15: =IF(ISNUMBER(VALUE(RIGHT(D15,4))), IF(AND(VALUE(RIGHT(D15,4))>=1000, VALUE(RIGHT(D15,4))<2000), "Conceitual", IF(AND(VALUE(RIGHT(D15,4))>=2000, VALUE(RIGHT(D15,4))<3000), "Básico", IF(AND(VALUE(RIGHT(D15,4))>=3000, VALUE(RIGHT(D15,4))<4000), "Detalhado", ""))), "") -> Básico | G15: =_xlfn.XLOOKUP(D15,'LD-ELFA'!F:F,'LD-ELFA'!G:G) -> 0 | H15: =_xlfn.XLOOKUP(D15,'LD-ELFA'!F:F,'LD-ELFA'!I:I) -> 0 | I15: =IF(_xlfn.XLOOKUP(D15,'LD-ELFA'!F:F,'LD-ELFA'!T:T)="","",_xlfn.XLOOKUP(D15,'LD-ELFA'!F:F,'LD-ELFA'!T:T)) | J15: =IF(K15="Documento a emitir", "",_xlfn.XLOOKUP(D15,'LD-ELFA'!F:F,'LD-ELFA'!N:N)) | K15: =IF(_xlfn.XLOOKUP($D15,'LD-ELFA'!F:F,'LD-ELFA'!U:U)="","Documento a emitir",_xlfn.XLOOKUP($D15,'LD-ELFA'!F:F,'LD-ELFA'!U:U)) -> Documento a emitir | L15: =IF(K15="Documento a emitir","Documento a emitir",IF(K15<>"Documento a emitir",IF(_xlfn.XLOOKUP(D15,'LD-ELFA'!F:F,'LD-ELFA'!W:W)="","",_xlfn.XLOOKUP(D15,'LD-ELFA'!F:F,'LD-ELFA'!W:W)),"")) -> Documento a emitir | M15: =IF(K15="Documento a emitir","",IF(AND(Q15="APC-R - APC-R - Aprovado com Comentários (Retornar para uma nova Aprovação)",Q15="APC-L - APC-L - Aprovado com Comentários (Retornar Aprovado)"),"",IF(OR(_xlfn.XLOOKUP(D15,'LD-ELFA'!F:F,'LD-ELFA'!N:N)="PARA CONHECIMENTO",_xlfn.XLOOKUP(D15,'LD-ELFA'!F:F,'LD-ELFA'!N:N)="PARA CONSTRUÇÃO",_xlfn.XLOOKUP(D15,'LD-ELFA'!F:F,'LD-ELFA'!N:N)="PARA COTAÇÃO",_xlfn.XLOOKUP(D15,'LD-ELFA'!F:F,'LD-ELFA'!N:N)="CANCELADO"),_xlfn.XLOOKUP(D15,'LD-ELFA'!F:F,'LD-ELFA'!U:U),IF(AND(L15="",J15<>"PARA APROVAÇÃO"),"","")))) | N15: =IF(O15="Documento Concluído","Documento Concluído",IF(O15="Cliente - Atendimento de Comentário",IF(TODAY()<=(K15+3),"No prazo","Atrasado"),IF(O15="Cliente - Atendimento de Comentário",IF(TODAY()<=(WORKDAY(K15,3,0)),"No prazo","Atrasado"),IF(O15="Blossom - Emissão Final",IF(TODAY()<=(WORKDAY(L15,3,0)),"No prazo","Atrasado"),IF(O15="Blossom - Atendimento de Comentário",IF(TODAY()<=(WORKDAY(L15,3,0)),"No prazo","Atrasado"),IF(O15="Blossom - Documento a emitir","Documento a Emitir","ERRO")))))) -> Documento a Emitir | O15: =IF(R15="Documento Removido","Documento Removido",IF(M15<>"","Documento Concluído",IF(AND(M15="",Q15="PARA APROVAÇÃO"),"Blossom - Emissão Final",IF(AND(M15="",Q15="APC-L - APC-L - Aprovado com Comentários (Retornar Aprovado)",Q15="APC-R - APC-R - Aprovado com Comentários (Retornar para uma nova Aprovação)"),"Blossom - Atendimento de Comentário",IF(AND(L15<>"",J15="PARA APROVAÇÃO"),"Blossom - Atendimento de Comentário",IF(AND(L15<>"",J15="PRELIMINAR"),"Blossom - Atendimento de Comentário",IF(AND(L15="",J15<>"PARA APROVAÇÃO"),"Cliente - Atendimento de Comentário",IF(AND(L15="",J15<>"PRELIMINAR"),"Cliente - Atendimento de Comentário",IF(AND(K15<>"Documento a emitir",J15="PARA APROVAÇÃO"),"Cliente - Atendimento de Comentário",IF(K15="Documento a emitir","Blossom - Documento a emitir","ERRO")))))))))) -> Blossom - Documento a emitir | P15: =IF(O15="Documento finalizado","Documento finalizado",IF(ISNUMBER(FIND("Cliente",O15)),"Circlua","Blossom")) -> Blossom | Q15: =IF(_xlfn.XLOOKUP(D15,'LD-ELFA'!F:F,'LD-ELFA'!V:V)="","",_xlfn.XLOOKUP(D15,'LD-ELFA'!F:F,'LD-ELFA'!V:V)) | R15: =IFERROR(IF(I15<>"","Documento Emitido",_xlfn.XLOOKUP(D15,Cronograma!P:P,Cronograma!Q:Q)),"Documento Removido") -> 46237 | S15: =IFERROR(IF(K15<>"Documento a emitir","Documento Emitido",IF(R15<TODAY(),"Emissão Atrasada","No prazo")),"Documento Removido") -> No prazo | T15: =IFERROR(IF(I15<>"","Documento Emitido",_xlfn.XLOOKUP(D15,Cronograma!P:P,Cronograma!R:R)),"Documento Removido") -> 46237 | U15: =IFERROR(IF(K15<>"Documento a emitir","Documento Emitido",IF(T15<R15,"Emissão Atrasada","No prazo")),"Documento Removido") -> No prazo | V15: =IF(R15="Documento Emitido","Documento Emitido", IF(R15="Documento Removido","Documento Removido", IF(AND(R15-$D$1>=0,R15-$D$1<=7),"Semana 1", IF(AND(R15-$D$1>7,R15-$D$1<=14),"Semana 2",IF(AND(R15-$D$1>14,R15-$D$1<=21),"Semana 3",""))))) | W15: =IF(OR(K15="Documento a emitir", K15="Documento Emitido"), "", IF(AND(ISNUMBER(K15), K15>=TODAY()-WEEKDAY(TODAY(),2)-6, K15<=TODAY()-WEEKDAY(TODAY(),2)+5), IF(G15=0, "Emissão Semana", "Atendimento de Comentário"), ""))
A16: 13 | B16: =_xlfn.XLOOKUP(D16,'LD-ELFA'!F:F,'LD-ELFA'!C:C) -> AI - Automacao E Instrumentacao | C16: =_xlfn.XLOOKUP(D16,'LD-ELFA'!F:F,'LD-ELFA'!D:D) -> DPR - Diagrama De Projeto | D16: BL1132-0001-AI-DPR-2007 | E16: =_xlfn.LET(_xlpm.q,_xlfn.XLOOKUP(D16,'LD-ELFA'!F:F,'LD-ELFA'!Q:Q), _xlpm.r,_xlfn.XLOOKUP(D16,'LD-ELFA'!F:F,'LD-ELFA'!R:R), IF(_xlpm.r = "", _xlpm.q, _xlpm.q & " - " & _xlpm.r)) -> DIAGRAMA DE CONFIGURAÇÃO DE TELECOM - CFTV PROCESSO | F16: =IF(ISNUMBER(VALUE(RIGHT(D16,4))), IF(AND(VALUE(RIGHT(D16,4))>=1000, VALUE(RIGHT(D16,4))<2000), "Conceitual", IF(AND(VALUE(RIGHT(D16,4))>=2000, VALUE(RIGHT(D16,4))<3000), "Básico", IF(AND(VALUE(RIGHT(D16,4))>=3000, VALUE(RIGHT(D16,4))<4000), "Detalhado", ""))), "") -> Básico | G16: =_xlfn.XLOOKUP(D16,'LD-ELFA'!F:F,'LD-ELFA'!G:G) -> 0 | H16: =_xlfn.XLOOKUP(D16,'LD-ELFA'!F:F,'LD-ELFA'!I:I) -> 0 | I16: =IF(_xlfn.XLOOKUP(D16,'LD-ELFA'!F:F,'LD-ELFA'!T:T)="","",_xlfn.XLOOKUP(D16,'LD-ELFA'!F:F,'LD-ELFA'!T:T)) | J16: =IF(K16="Documento a emitir", "",_xlfn.XLOOKUP(D16,'LD-ELFA'!F:F,'LD-ELFA'!N:N)) | K16: =IF(_xlfn.XLOOKUP($D16,'LD-ELFA'!F:F,'LD-ELFA'!U:U)="","Documento a emitir",_xlfn.XLOOKUP($D16,'LD-ELFA'!F:F,'LD-ELFA'!U:U)) -> Documento a emitir | L16: =IF(K16="Documento a emitir","Documento a emitir",IF(K16<>"Documento a emitir",IF(_xlfn.XLOOKUP(D16,'LD-ELFA'!F:F,'LD-ELFA'!W:W)="","",_xlfn.XLOOKUP(D16,'LD-ELFA'!F:F,'LD-ELFA'!W:W)),"")) -> Documento a emitir | M16: =IF(K16="Documento a emitir","",IF(AND(Q16="APC-R - APC-R - Aprovado com Comentários (Retornar para uma nova Aprovação)",Q16="APC-L - APC-L - Aprovado com Comentários (Retornar Aprovado)"),"",IF(OR(_xlfn.XLOOKUP(D16,'LD-ELFA'!F:F,'LD-ELFA'!N:N)="PARA CONHECIMENTO",_xlfn.XLOOKUP(D16,'LD-ELFA'!F:F,'LD-ELFA'!N:N)="PARA CONSTRUÇÃO",_xlfn.XLOOKUP(D16,'LD-ELFA'!F:F,'LD-ELFA'!N:N)="PARA COTAÇÃO",_xlfn.XLOOKUP(D16,'LD-ELFA'!F:F,'LD-ELFA'!N:N)="CANCELADO"),_xlfn.XLOOKUP(D16,'LD-ELFA'!F:F,'LD-ELFA'!U:U),IF(AND(L16="",J16<>"PARA APROVAÇÃO"),"","")))) | N16: =IF(O16="Documento Concluído","Documento Concluído",IF(O16="Cliente - Atendimento de Comentário",IF(TODAY()<=(K16+3),"No prazo","Atrasado"),IF(O16="Cliente - Atendimento de Comentário",IF(TODAY()<=(WORKDAY(K16,3,0)),"No prazo","Atrasado"),IF(O16="Blossom - Emissão Final",IF(TODAY()<=(WORKDAY(L16,3,0)),"No prazo","Atrasado"),IF(O16="Blossom - Atendimento de Comentário",IF(TODAY()<=(WORKDAY(L16,3,0)),"No prazo","Atrasado"),IF(O16="Blossom - Documento a emitir","Documento a Emitir","ERRO")))))) -> Documento a Emitir | O16: =IF(R16="Documento Removido","Documento Removido",IF(M16<>"","Documento Concluído",IF(AND(M16="",Q16="PARA APROVAÇÃO"),"Blossom - Emissão Final",IF(AND(M16="",Q16="APC-L - APC-L - Aprovado com Comentários (Retornar Aprovado)",Q16="APC-R - APC-R - Aprovado com Comentários (Retornar para uma nova Aprovação)"),"Blossom - Atendimento de Comentário",IF(AND(L16<>"",J16="PARA APROVAÇÃO"),"Blossom - Atendimento de Comentário",IF(AND(L16<>"",J16="PRELIMINAR"),"Blossom - Atendimento de Comentário",IF(AND(L16="",J16<>"PARA APROVAÇÃO"),"Cliente - Atendimento de Comentário",IF(AND(L16="",J16<>"PRELIMINAR"),"Cliente - Atendimento de Comentário",IF(AND(K16<>"Documento a emitir",J16="PARA APROVAÇÃO"),"Cliente - Atendimento de Comentário",IF(K16="Documento a emitir","Blossom - Documento a emitir","ERRO")))))))))) -> Blossom - Documento a emitir | P16: =IF(O16="Documento finalizado","Documento finalizado",IF(ISNUMBER(FIND("Cliente",O16)),"Circlua","Blossom")) -> Blossom | Q16: =IF(_xlfn.XLOOKUP(D16,'LD-ELFA'!F:F,'LD-ELFA'!V:V)="","",_xlfn.XLOOKUP(D16,'LD-ELFA'!F:F,'LD-ELFA'!V:V)) | R16: =IFERROR(IF(I16<>"","Documento Emitido",_xlfn.XLOOKUP(D16,Cronograma!P:P,Cronograma!Q:Q)),"Documento Removido") -> 46231 | S16: =IFERROR(IF(K16<>"Documento a emitir","Documento Emitido",IF(R16<TODAY(),"Emissão Atrasada","No prazo")),"Documento Removido") -> No prazo | T16: =IFERROR(IF(I16<>"","Documento Emitido",_xlfn.XLOOKUP(D16,Cronograma!P:P,Cronograma!R:R)),"Documento Removido") -> 46231 | U16: =IFERROR(IF(K16<>"Documento a emitir","Documento Emitido",IF(T16<R16,"Emissão Atrasada","No prazo")),"Documento Removido") -> No prazo | V16: =IF(R16="Documento Emitido","Documento Emitido", IF(R16="Documento Removido","Documento Removido", IF(AND(R16-$D$1>=0,R16-$D$1<=7),"Semana 1", IF(AND(R16-$D$1>7,R16-$D$1<=14),"Semana 2",IF(AND(R16-$D$1>14,R16-$D$1<=21),"Semana 3",""))))) -> Semana 3 | W16: =IF(OR(K16="Documento a emitir", K16="Documento Emitido"), "", IF(AND(ISNUMBER(K16), K16>=TODAY()-WEEKDAY(TODAY(),2)-6, K16<=TODAY()-WEEKDAY(TODAY(),2)+5), IF(G16=0, "Emissão Semana", "Atendimento de Comentário"), ""))
A17: 14 | B17: =_xlfn.XLOOKUP(D17,'LD-ELFA'!F:F,'LD-ELFA'!C:C) -> AI - Automacao E Instrumentacao | C17: =_xlfn.XLOOKUP(D17,'LD-ELFA'!F:F,'LD-ELFA'!D:D) -> DPR - Diagrama De Projeto | D17: BL1132-0001-AI-DPR-2008 | E17: =_xlfn.LET(_xlpm.q,_xlfn.XLOOKUP(D17,'LD-ELFA'!F:F,'LD-ELFA'!Q:Q), _xlpm.r,_xlfn.XLOOKUP(D17,'LD-ELFA'!F:F,'LD-ELFA'!R:R), IF(_xlpm.r = "", _xlpm.q, _xlpm.q & " - " & _xlpm.r)) -> DIAGRAMA DE CONFIGURAÇÃO DE TELECOM - BACKBONE TI | F17: =IF(ISNUMBER(VALUE(RIGHT(D17,4))), IF(AND(VALUE(RIGHT(D17,4))>=1000, VALUE(RIGHT(D17,4))<2000), "Conceitual", IF(AND(VALUE(RIGHT(D17,4))>=2000, VALUE(RIGHT(D17,4))<3000), "Básico", IF(AND(VALUE(RIGHT(D17,4))>=3000, VALUE(RIGHT(D17,4))<4000), "Detalhado", ""))), "") -> Básico | G17: =_xlfn.XLOOKUP(D17,'LD-ELFA'!F:F,'LD-ELFA'!G:G) -> 0 | H17: =_xlfn.XLOOKUP(D17,'LD-ELFA'!F:F,'LD-ELFA'!I:I) -> 0 | I17: =IF(_xlfn.XLOOKUP(D17,'LD-ELFA'!F:F,'LD-ELFA'!T:T)="","",_xlfn.XLOOKUP(D17,'LD-ELFA'!F:F,'LD-ELFA'!T:T)) | J17: =IF(K17="Documento a emitir", "",_xlfn.XLOOKUP(D17,'LD-ELFA'!F:F,'LD-ELFA'!N:N)) | K17: =IF(_xlfn.XLOOKUP($D17,'LD-ELFA'!F:F,'LD-ELFA'!U:U)="","Documento a emitir",_xlfn.XLOOKUP($D17,'LD-ELFA'!F:F,'LD-ELFA'!U:U)) -> Documento a emitir | L17: =IF(K17="Documento a emitir","Documento a emitir",IF(K17<>"Documento a emitir",IF(_xlfn.XLOOKUP(D17,'LD-ELFA'!F:F,'LD-ELFA'!W:W)="","",_xlfn.XLOOKUP(D17,'LD-ELFA'!F:F,'LD-ELFA'!W:W)),"")) -> Documento a emitir | M17: =IF(K17="Documento a emitir","",IF(AND(Q17="APC-R - APC-R - Aprovado com Comentários (Retornar para uma nova Aprovação)",Q17="APC-L - APC-L - Aprovado com Comentários (Retornar Aprovado)"),"",IF(OR(_xlfn.XLOOKUP(D17,'LD-ELFA'!F:F,'LD-ELFA'!N:N)="PARA CONHECIMENTO",_xlfn.XLOOKUP(D17,'LD-ELFA'!F:F,'LD-ELFA'!N:N)="PARA CONSTRUÇÃO",_xlfn.XLOOKUP(D17,'LD-ELFA'!F:F,'LD-ELFA'!N:N)="PARA COTAÇÃO",_xlfn.XLOOKUP(D17,'LD-ELFA'!F:F,'LD-ELFA'!N:N)="CANCELADO"),_xlfn.XLOOKUP(D17,'LD-ELFA'!F:F,'LD-ELFA'!U:U),IF(AND(L17="",J17<>"PARA APROVAÇÃO"),"","")))) | N17: =IF(O17="Documento Concluído","Documento Concluído",IF(O17="Cliente - Atendimento de Comentário",IF(TODAY()<=(K17+3),"No prazo","Atrasado"),IF(O17="Cliente - Atendimento de Comentário",IF(TODAY()<=(WORKDAY(K17,3,0)),"No prazo","Atrasado"),IF(O17="Blossom - Emissão Final",IF(TODAY()<=(WORKDAY(L17,3,0)),"No prazo","Atrasado"),IF(O17="Blossom - Atendimento de Comentário",IF(TODAY()<=(WORKDAY(L17,3,0)),"No prazo","Atrasado"),IF(O17="Blossom - Documento a emitir","Documento a Emitir","ERRO")))))) -> Documento a Emitir | O17: =IF(R17="Documento Removido","Documento Removido",IF(M17<>"","Documento Concluído",IF(AND(M17="",Q17="PARA APROVAÇÃO"),"Blossom - Emissão Final",IF(AND(M17="",Q17="APC-L - APC-L - Aprovado com Comentários (Retornar Aprovado)",Q17="APC-R - APC-R - Aprovado com Comentários (Retornar para uma nova Aprovação)"),"Blossom - Atendimento de Comentário",IF(AND(L17<>"",J17="PARA APROVAÇÃO"),"Blossom - Atendimento de Comentário",IF(AND(L17<>"",J17="PRELIMINAR"),"Blossom - Atendimento de Comentário",IF(AND(L17="",J17<>"PARA APROVAÇÃO"),"Cliente - Atendimento de Comentário",IF(AND(L17="",J17<>"PRELIMINAR"),"Cliente - Atendimento de Comentário",IF(AND(K17<>"Documento a emitir",J17="PARA APROVAÇÃO"),"Cliente - Atendimento de Comentário",IF(K17="Documento a emitir","Blossom - Documento a emitir","ERRO")))))))))) -> Blossom - Documento a emitir | P17: =IF(O17="Documento finalizado","Documento finalizado",IF(ISNUMBER(FIND("Cliente",O17)),"Circlua","Blossom")) -> Blossom | Q17: =IF(_xlfn.XLOOKUP(D17,'LD-ELFA'!F:F,'LD-ELFA'!V:V)="","",_xlfn.XLOOKUP(D17,'LD-ELFA'!F:F,'LD-ELFA'!V:V)) | R17: =IFERROR(IF(I17<>"","Documento Emitido",_xlfn.XLOOKUP(D17,Cronograma!P:P,Cronograma!Q:Q)),"Documento Removido") -> 46247 | S17: =IFERROR(IF(K17<>"Documento a emitir","Documento Emitido",IF(R17<TODAY(),"Emissão Atrasada","No prazo")),"Documento Removido") -> No prazo | T17: =IFERROR(IF(I17<>"","Documento Emitido",_xlfn.XLOOKUP(D17,Cronograma!P:P,Cronograma!R:R)),"Documento Removido") -> 46247 | U17: =IFERROR(IF(K17<>"Documento a emitir","Documento Emitido",IF(T17<R17,"Emissão Atrasada","No prazo")),"Documento Removido") -> No prazo | V17: =IF(R17="Documento Emitido","Documento Emitido", IF(R17="Documento Removido","Documento Removido", IF(AND(R17-$D$1>=0,R17-$D$1<=7),"Semana 1", IF(AND(R17-$D$1>7,R17-$D$1<=14),"Semana 2",IF(AND(R17-$D$1>14,R17-$D$1<=21),"Semana 3",""))))) | W17: =IF(OR(K17="Documento a emitir", K17="Documento Emitido"), "", IF(AND(ISNUMBER(K17), K17>=TODAY()-WEEKDAY(TODAY(),2)-6, K17<=TODAY()-WEEKDAY(TODAY(),2)+5), IF(G17=0, "Emissão Semana", "Atendimento de Comentário"), ""))
A18: 15 | B18: =_xlfn.XLOOKUP(D18,'LD-ELFA'!F:F,'LD-ELFA'!C:C) -> AI - Automacao E Instrumentacao | C18: =_xlfn.XLOOKUP(D18,'LD-ELFA'!F:F,'LD-ELFA'!D:D) -> ETE - Especificação Técnica | D18: BL1132-0001-AI-ETE-2001 | E18: =_xlfn.LET(_xlpm.q,_xlfn.XLOOKUP(D18,'LD-ELFA'!F:F,'LD-ELFA'!Q:Q), _xlpm.r,_xlfn.XLOOKUP(D18,'LD-ELFA'!F:F,'LD-ELFA'!R:R), IF(_xlpm.r = "", _xlpm.q, _xlpm.q & " - " & _xlpm.r)) -> ESPECIFICAÇÃO TÉCNICA - SISTEMA DE CONTROLE E AUTOMAÇÃO | F18: =IF(ISNUMBER(VALUE(RIGHT(D18,4))), IF(AND(VALUE(RIGHT(D18,4))>=1000, VALUE(RIGHT(D18,4))<2000), "Conceitual", IF(AND(VALUE(RIGHT(D18,4))>=2000, VALUE(RIGHT(D18,4))<3000), "Básico", IF(AND(VALUE(RIGHT(D18,4))>=3000, VALUE(RIGHT(D18,4))<4000), "Detalhado", ""))), "") -> Básico | G18: =_xlfn.XLOOKUP(D18,'LD-ELFA'!F:F,'LD-ELFA'!G:G) -> 0 | H18: =_xlfn.XLOOKUP(D18,'LD-ELFA'!F:F,'LD-ELFA'!I:I) -> 0 | I18: =IF(_xlfn.XLOOKUP(D18,'LD-ELFA'!F:F,'LD-ELFA'!T:T)="","",_xlfn.XLOOKUP(D18,'LD-ELFA'!F:F,'LD-ELFA'!T:T)) | J18: =IF(K18="Documento a emitir", "",_xlfn.XLOOKUP(D18,'LD-ELFA'!F:F,'LD-ELFA'!N:N)) | K18: =IF(_xlfn.XLOOKUP($D18,'LD-ELFA'!F:F,'LD-ELFA'!U:U)="","Documento a emitir",_xlfn.XLOOKUP($D18,'LD-ELFA'!F:F,'LD-ELFA'!U:U)) -> Documento a emitir | L18: =IF(K18="Documento a emitir","Documento a emitir",IF(K18<>"Documento a emitir",IF(_xlfn.XLOOKUP(D18,'LD-ELFA'!F:F,'LD-ELFA'!W:W)="","",_xlfn.XLOOKUP(D18,'LD-ELFA'!F:F,'LD-ELFA'!W:W)),"")) -> Documento a emitir | M18: =IF(K18="Documento a emitir","",IF(AND(Q18="APC-R - APC-R - Aprovado com Comentários (Retornar para uma nova Aprovação)",Q18="APC-L - APC-L - Aprovado com Comentários (Retornar Aprovado)"),"",IF(OR(_xlfn.XLOOKUP(D18,'LD-ELFA'!F:F,'LD-ELFA'!N:N)="PARA CONHECIMENTO",_xlfn.XLOOKUP(D18,'LD-ELFA'!F:F,'LD-ELFA'!N:N)="PARA CONSTRUÇÃO",_xlfn.XLOOKUP(D18,'LD-ELFA'!F:F,'LD-ELFA'!N:N)="PARA COTAÇÃO",_xlfn.XLOOKUP(D18,'LD-ELFA'!F:F,'LD-ELFA'!N:N)="CANCELADO"),_xlfn.XLOOKUP(D18,'LD-ELFA'!F:F,'LD-ELFA'!U:U),IF(AND(L18="",J18<>"PARA APROVAÇÃO"),"","")))) | N18: =IF(O18="Documento Concluído","Documento Concluído",IF(O18="Cliente - Atendimento de Comentário",IF(TODAY()<=(K18+3),"No prazo","Atrasado"),IF(O18="Cliente - Atendimento de Comentário",IF(TODAY()<=(WORKDAY(K18,3,0)),"No prazo","Atrasado"),IF(O18="Blossom - Emissão Final",IF(TODAY()<=(WORKDAY(L18,3,0)),"No prazo","Atrasado"),IF(O18="Blossom - Atendimento de Comentário",IF(TODAY()<=(WORKDAY(L18,3,0)),"No prazo","Atrasado"),IF(O18="Blossom - Documento a emitir","Documento a Emitir","ERRO")))))) -> Documento a Emitir | O18: =IF(R18="Documento Removido","Documento Removido",IF(M18<>"","Documento Concluído",IF(AND(M18="",Q18="PARA APROVAÇÃO"),"Blossom - Emissão Final",IF(AND(M18="",Q18="APC-L - APC-L - Aprovado com Comentários (Retornar Aprovado)",Q18="APC-R - APC-R - Aprovado com Comentários (Retornar para uma nova Aprovação)"),"Blossom - Atendimento de Comentário",IF(AND(L18<>"",J18="PARA APROVAÇÃO"),"Blossom - Atendimento de Comentário",IF(AND(L18<>"",J18="PRELIMINAR"),"Blossom - Atendimento de Comentário",IF(AND(L18="",J18<>"PARA APROVAÇÃO"),"Cliente - Atendimento de Comentário",IF(AND(L18="",J18<>"PRELIMINAR"),"Cliente - Atendimento de Comentário",IF(AND(K18<>"Documento a emitir",J18="PARA APROVAÇÃO"),"Cliente - Atendimento de Comentário",IF(K18="Documento a emitir","Blossom - Documento a emitir","ERRO")))))))))) -> Blossom - Documento a emitir | P18: =IF(O18="Documento finalizado","Documento finalizado",IF(ISNUMBER(FIND("Cliente",O18)),"Circlua","Blossom")) -> Blossom | Q18: =IF(_xlfn.XLOOKUP(D18,'LD-ELFA'!F:F,'LD-ELFA'!V:V)="","",_xlfn.XLOOKUP(D18,'LD-ELFA'!F:F,'LD-ELFA'!V:V)) | R18: =IFERROR(IF(I18<>"","Documento Emitido",_xlfn.XLOOKUP(D18,Cronograma!P:P,Cronograma!Q:Q)),"Documento Removido") -> 46226 | S18: =IFERROR(IF(K18<>"Documento a emitir","Documento Emitido",IF(R18<TODAY(),"Emissão Atrasada","No prazo")),"Documento Removido") -> No prazo | T18: =IFERROR(IF(I18<>"","Documento Emitido",_xlfn.XLOOKUP(D18,Cronograma!P:P,Cronograma!R:R)),"Documento Removido") -> 46226 | U18: =IFERROR(IF(K18<>"Documento a emitir","Documento Emitido",IF(T18<R18,"Emissão Atrasada","No prazo")),"Documento Removido") -> No prazo | V18: =IF(R18="Documento Emitido","Documento Emitido", IF(R18="Documento Removido","Documento Removido", IF(AND(R18-$D$1>=0,R18-$D$1<=7),"Semana 1", IF(AND(R18-$D$1>7,R18-$D$1<=14),"Semana 2",IF(AND(R18-$D$1>14,R18-$D$1<=21),"Semana 3",""))))) -> Semana 2 | W18: =IF(OR(K18="Documento a emitir", K18="Documento Emitido"), "", IF(AND(ISNUMBER(K18), K18>=TODAY()-WEEKDAY(TODAY(),2)-6, K18<=TODAY()-WEEKDAY(TODAY(),2)+5), IF(G18=0, "Emissão Semana", "Atendimento de Comentário"), ""))
A19: 16 | B19: =_xlfn.XLOOKUP(D19,'LD-ELFA'!F:F,'LD-ELFA'!C:C) -> AI - Automacao E Instrumentacao | C19: =_xlfn.XLOOKUP(D19,'LD-ELFA'!F:F,'LD-ELFA'!D:D) -> ETE - Especificação Técnica | D19: BL1132-0001-AI-ETE-2002 | E19: =_xlfn.LET(_xlpm.q,_xlfn.XLOOKUP(D19,'LD-ELFA'!F:F,'LD-ELFA'!Q:Q), _xlpm.r,_xlfn.XLOOKUP(D19,'LD-ELFA'!F:F,'LD-ELFA'!R:R), IF(_xlpm.r = "", _xlpm.q, _xlpm.q & " - " & _xlpm.r)) -> ESPECIFICAÇÃO TÉCNICA - SDACI | F19: =IF(ISNUMBER(VALUE(RIGHT(D19,4))), IF(AND(VALUE(RIGHT(D19,4))>=1000, VALUE(RIGHT(D19,4))<2000), "Conceitual", IF(AND(VALUE(RIGHT(D19,4))>=2000, VALUE(RIGHT(D19,4))<3000), "Básico", IF(AND(VALUE(RIGHT(D19,4))>=3000, VALUE(RIGHT(D19,4))<4000), "Detalhado", ""))), "") -> Básico | G19: =_xlfn.XLOOKUP(D19,'LD-ELFA'!F:F,'LD-ELFA'!G:G) -> 0 | H19: =_xlfn.XLOOKUP(D19,'LD-ELFA'!F:F,'LD-ELFA'!I:I) -> 0 | I19: =IF(_xlfn.XLOOKUP(D19,'LD-ELFA'!F:F,'LD-ELFA'!T:T)="","",_xlfn.XLOOKUP(D19,'LD-ELFA'!F:F,'LD-ELFA'!T:T)) | J19: =IF(K19="Documento a emitir", "",_xlfn.XLOOKUP(D19,'LD-ELFA'!F:F,'LD-ELFA'!N:N)) | K19: =IF(_xlfn.XLOOKUP($D19,'LD-ELFA'!F:F,'LD-ELFA'!U:U)="","Documento a emitir",_xlfn.XLOOKUP($D19,'LD-ELFA'!F:F,'LD-ELFA'!U:U)) -> Documento a emitir | L19: =IF(K19="Documento a emitir","Documento a emitir",IF(K19<>"Documento a emitir",IF(_xlfn.XLOOKUP(D19,'LD-ELFA'!F:F,'LD-ELFA'!W:W)="","",_xlfn.XLOOKUP(D19,'LD-ELFA'!F:F,'LD-ELFA'!W:W)),"")) -> Documento a emitir | M19: =IF(K19="Documento a emitir","",IF(AND(Q19="APC-R - APC-R - Aprovado com Comentários (Retornar para uma nova Aprovação)",Q19="APC-L - APC-L - Aprovado com Comentários (Retornar Aprovado)"),"",IF(OR(_xlfn.XLOOKUP(D19,'LD-ELFA'!F:F,'LD-ELFA'!N:N)="PARA CONHECIMENTO",_xlfn.XLOOKUP(D19,'LD-ELFA'!F:F,'LD-ELFA'!N:N)="PARA CONSTRUÇÃO",_xlfn.XLOOKUP(D19,'LD-ELFA'!F:F,'LD-ELFA'!N:N)="PARA COTAÇÃO",_xlfn.XLOOKUP(D19,'LD-ELFA'!F:F,'LD-ELFA'!N:N)="CANCELADO"),_xlfn.XLOOKUP(D19,'LD-ELFA'!F:F,'LD-ELFA'!U:U),IF(AND(L19="",J19<>"PARA APROVAÇÃO"),"","")))) | N19: =IF(O19="Documento Concluído","Documento Concluído",IF(O19="Cliente - Atendimento de Comentário",IF(TODAY()<=(K19+3),"No prazo","Atrasado"),IF(O19="Cliente - Atendimento de Comentário",IF(TODAY()<=(WORKDAY(K19,3,0)),"No prazo","Atrasado"),IF(O19="Blossom - Emissão Final",IF(TODAY()<=(WORKDAY(L19,3,0)),"No prazo","Atrasado"),IF(O19="Blossom - Atendimento de Comentário",IF(TODAY()<=(WORKDAY(L19,3,0)),"No prazo","Atrasado"),IF(O19="Blossom - Documento a emitir","Documento a Emitir","ERRO")))))) -> Documento a Emitir | O19: =IF(R19="Documento Removido","Documento Removido",IF(M19<>"","Documento Concluído",IF(AND(M19="",Q19="PARA APROVAÇÃO"),"Blossom - Emissão Final",IF(AND(M19="",Q19="APC-L - APC-L - Aprovado com Comentários (Retornar Aprovado)",Q19="APC-R - APC-R - Aprovado com Comentários (Retornar para uma nova Aprovação)"),"Blossom - Atendimento de Comentário",IF(AND(L19<>"",J19="PARA APROVAÇÃO"),"Blossom - Atendimento de Comentário",IF(AND(L19<>"",J19="PRELIMINAR"),"Blossom - Atendimento de Comentário",IF(AND(L19="",J19<>"PARA APROVAÇÃO"),"Cliente - Atendimento de Comentário",IF(AND(L19="",J19<>"PRELIMINAR"),"Cliente - Atendimento de Comentário",IF(AND(K19<>"Documento a emitir",J19="PARA APROVAÇÃO"),"Cliente - Atendimento de Comentário",IF(K19="Documento a emitir","Blossom - Documento a emitir","ERRO")))))))))) -> Blossom - Documento a emitir | P19: =IF(O19="Documento finalizado","Documento finalizado",IF(ISNUMBER(FIND("Cliente",O19)),"Circlua","Blossom")) -> Blossom | Q19: =IF(_xlfn.XLOOKUP(D19,'LD-ELFA'!F:F,'LD-ELFA'!V:V)="","",_xlfn.XLOOKUP(D19,'LD-ELFA'!F:F,'LD-ELFA'!V:V)) | R19: =IFERROR(IF(I19<>"","Documento Emitido",_xlfn.XLOOKUP(D19,Cronograma!P:P,Cronograma!Q:Q)),"Documento Removido") -> 46252 | S19: =IFERROR(IF(K19<>"Documento a emitir","Documento Emitido",IF(R19<TODAY(),"Emissão Atrasada","No prazo")),"Documento Removido") -> No prazo | T19: =IFERROR(IF(I19<>"","Documento Emitido",_xlfn.XLOOKUP(D19,Cronograma!P:P,Cronograma!R:R)),"Documento Removido") -> 46252 | U19: =IFERROR(IF(K19<>"Documento a emitir","Documento Emitido",IF(T19<R19,"Emissão Atrasada","No prazo")),"Documento Removido") -> No prazo | V19: =IF(R19="Documento Emitido","Documento Emitido", IF(R19="Documento Removido","Documento Removido", IF(AND(R19-$D$1>=0,R19-$D$1<=7),"Semana 1", IF(AND(R19-$D$1>7,R19-$D$1<=14),"Semana 2",IF(AND(R19-$D$1>14,R19-$D$1<=21),"Semana 3",""))))) | W19: =IF(OR(K19="Documento a emitir", K19="Documento Emitido"), "", IF(AND(ISNUMBER(K19), K19>=TODAY()-WEEKDAY(TODAY(),2)-6, K19<=TODAY()-WEEKDAY(TODAY(),2)+5), IF(G19=0, "Emissão Semana", "Atendimento de Comentário"), ""))
A20: 17 | B20: =_xlfn.XLOOKUP(D20,'LD-ELFA'!F:F,'LD-ELFA'!C:C) -> AI - Automacao E Instrumentacao | C20: =_xlfn.XLOOKUP(D20,'LD-ELFA'!F:F,'LD-ELFA'!D:D) -> ETE - Especificação Técnica | D20: BL1132-0001-AI-ETE-2003 | E20: =_xlfn.LET(_xlpm.q,_xlfn.XLOOKUP(D20,'LD-ELFA'!F:F,'LD-ELFA'!Q:Q), _xlpm.r,_xlfn.XLOOKUP(D20,'LD-ELFA'!F:F,'LD-ELFA'!R:R), IF(_xlpm.r = "", _xlpm.q, _xlpm.q & " - " & _xlpm.r)) -> ESPECIFICAÇÃO TÉCNICA - SEGURANÇA PATRIMONIAL | F20: =IF(ISNUMBER(VALUE(RIGHT(D20,4))), IF(AND(VALUE(RIGHT(D20,4))>=1000, VALUE(RIGHT(D20,4))<2000), "Conceitual", IF(AND(VALUE(RIGHT(D20,4))>=2000, VALUE(RIGHT(D20,4))<3000), "Básico", IF(AND(VALUE(RIGHT(D20,4))>=3000, VALUE(RIGHT(D20,4))<4000), "Detalhado", ""))), "") -> Básico | G20: =_xlfn.XLOOKUP(D20,'LD-ELFA'!F:F,'LD-ELFA'!G:G) -> 0 | H20: =_xlfn.XLOOKUP(D20,'LD-ELFA'!F:F,'LD-ELFA'!I:I) -> 0 | I20: =IF(_xlfn.XLOOKUP(D20,'LD-ELFA'!F:F,'LD-ELFA'!T:T)="","",_xlfn.XLOOKUP(D20,'LD-ELFA'!F:F,'LD-ELFA'!T:T)) | J20: =IF(K20="Documento a emitir", "",_xlfn.XLOOKUP(D20,'LD-ELFA'!F:F,'LD-ELFA'!N:N)) | K20: =IF(_xlfn.XLOOKUP($D20,'LD-ELFA'!F:F,'LD-ELFA'!U:U)="","Documento a emitir",_xlfn.XLOOKUP($D20,'LD-ELFA'!F:F,'LD-ELFA'!U:U)) -> Documento a emitir | L20: =IF(K20="Documento a emitir","Documento a emitir",IF(K20<>"Documento a emitir",IF(_xlfn.XLOOKUP(D20,'LD-ELFA'!F:F,'LD-ELFA'!W:W)="","",_xlfn.XLOOKUP(D20,'LD-ELFA'!F:F,'LD-ELFA'!W:W)),"")) -> Documento a emitir | M20: =IF(K20="Documento a emitir","",IF(AND(Q20="APC-R - APC-R - Aprovado com Comentários (Retornar para uma nova Aprovação)",Q20="APC-L - APC-L - Aprovado com Comentários (Retornar Aprovado)"),"",IF(OR(_xlfn.XLOOKUP(D20,'LD-ELFA'!F:F,'LD-ELFA'!N:N)="PARA CONHECIMENTO",_xlfn.XLOOKUP(D20,'LD-ELFA'!F:F,'LD-ELFA'!N:N)="PARA CONSTRUÇÃO",_xlfn.XLOOKUP(D20,'LD-ELFA'!F:F,'LD-ELFA'!N:N)="PARA COTAÇÃO",_xlfn.XLOOKUP(D20,'LD-ELFA'!F:F,'LD-ELFA'!N:N)="CANCELADO"),_xlfn.XLOOKUP(D20,'LD-ELFA'!F:F,'LD-ELFA'!U:U),IF(AND(L20="",J20<>"PARA APROVAÇÃO"),"","")))) | N20: =IF(O20="Documento Concluído","Documento Concluído",IF(O20="Cliente - Atendimento de Comentário",IF(TODAY()<=(K20+3),"No prazo","Atrasado"),IF(O20="Cliente - Atendimento de Comentário",IF(TODAY()<=(WORKDAY(K20,3,0)),"No prazo","Atrasado"),IF(O20="Blossom - Emissão Final",IF(TODAY()<=(WORKDAY(L20,3,0)),"No prazo","Atrasado"),IF(O20="Blossom - Atendimento de Comentário",IF(TODAY()<=(WORKDAY(L20,3,0)),"No prazo","Atrasado"),IF(O20="Blossom - Documento a emitir","Documento a Emitir","ERRO")))))) -> Documento a Emitir | O20: =IF(R20="Documento Removido","Documento Removido",IF(M20<>"","Documento Concluído",IF(AND(M20="",Q20="PARA APROVAÇÃO"),"Blossom - Emissão Final",IF(AND(M20="",Q20="APC-L - APC-L - Aprovado com Comentários (Retornar Aprovado)",Q20="APC-R - APC-R - Aprovado com Comentários (Retornar para uma nova Aprovação)"),"Blossom - Atendimento de Comentário",IF(AND(L20<>"",J20="PARA APROVAÇÃO"),"Blossom - Atendimento de Comentário",IF(AND(L20<>"",J20="PRELIMINAR"),"Blossom - Atendimento de Comentário",IF(AND(L20="",J20<>"PARA APROVAÇÃO"),"Cliente - Atendimento de Comentário",IF(AND(L20="",J20<>"PRELIMINAR"),"Cliente - Atendimento de Comentário",IF(AND(K20<>"Documento a emitir",J20="PARA APROVAÇÃO"),"Cliente - Atendimento de Comentário",IF(K20="Documento a emitir","Blossom - Documento a emitir","ERRO")))))))))) -> Blossom - Documento a emitir | P20: =IF(O20="Documento finalizado","Documento finalizado",IF(ISNUMBER(FIND("Cliente",O20)),"Circlua","Blossom")) -> Blossom | Q20: =IF(_xlfn.XLOOKUP(D20,'LD-ELFA'!F:F,'LD-ELFA'!V:V)="","",_xlfn.XLOOKUP(D20,'LD-ELFA'!F:F,'LD-ELFA'!V:V)) | R20: =IFERROR(IF(I20<>"","Documento Emitido",_xlfn.XLOOKUP(D20,Cronograma!P:P,Cronograma!Q:Q)),"Documento Removido") -> 46239 | S20: =IFERROR(IF(K20<>"Documento a emitir","Documento Emitido",IF(R20<TODAY(),"Emissão Atrasada","No prazo")),"Documento Removido") -> No prazo | T20: =IFERROR(IF(I20<>"","Documento Emitido",_xlfn.XLOOKUP(D20,Cronograma!P:P,Cronograma!R:R)),"Documento Removido") -> 46239 | U20: =IFERROR(IF(K20<>"Documento a emitir","Documento Emitido",IF(T20<R20,"Emissão Atrasada","No prazo")),"Documento Removido") -> No prazo | V20: =IF(R20="Documento Emitido","Documento Emitido", IF(R20="Documento Removido","Documento Removido", IF(AND(R20-$D$1>=0,R20-$D$1<=7),"Semana 1", IF(AND(R20-$D$1>7,R20-$D$1<=14),"Semana 2",IF(AND(R20-$D$1>14,R20-$D$1<=21),"Semana 3",""))))) | W20: =IF(OR(K20="Documento a emitir", K20="Documento Emitido"), "", IF(AND(ISNUMBER(K20), K20>=TODAY()-WEEKDAY(TODAY(),2)-6, K20<=TODAY()-WEEKDAY(TODAY(),2)+5), IF(G20=0, "Emissão Semana", "Atendimento de Comentário"), ""))
A21: 18 | B21: =_xlfn.XLOOKUP(D21,'LD-ELFA'!F:F,'LD-ELFA'!C:C) -> AI - Automacao E Instrumentacao | C21: =_xlfn.XLOOKUP(D21,'LD-ELFA'!F:F,'LD-ELFA'!D:D) -> ETE - Especificação Técnica | D21: BL1132-0001-AI-ETE-2004 | E21: =_xlfn.LET(_xlpm.q,_xlfn.XLOOKUP(D21,'LD-ELFA'!F:F,'LD-ELFA'!Q:Q), _xlpm.r,_xlfn.XLOOKUP(D21,'LD-ELFA'!F:F,'LD-ELFA'!R:R), IF(_xlpm.r = "", _xlpm.q, _xlpm.q & " - " & _xlpm.r)) -> ESPECIFICAÇÃO TÉCNICA - CFTV DE PROCESSO | F21: =IF(ISNUMBER(VALUE(RIGHT(D21,4))), IF(AND(VALUE(RIGHT(D21,4))>=1000, VALUE(RIGHT(D21,4))<2000), "Conceitual", IF(AND(VALUE(RIGHT(D21,4))>=2000, VALUE(RIGHT(D21,4))<3000), "Básico", IF(AND(VALUE(RIGHT(D21,4))>=3000, VALUE(RIGHT(D21,4))<4000), "Detalhado", ""))), "") -> Básico | G21: =_xlfn.XLOOKUP(D21,'LD-ELFA'!F:F,'LD-ELFA'!G:G) -> 0 | H21: =_xlfn.XLOOKUP(D21,'LD-ELFA'!F:F,'LD-ELFA'!I:I) -> 0 | I21: =IF(_xlfn.XLOOKUP(D21,'LD-ELFA'!F:F,'LD-ELFA'!T:T)="","",_xlfn.XLOOKUP(D21,'LD-ELFA'!F:F,'LD-ELFA'!T:T)) | J21: =IF(K21="Documento a emitir", "",_xlfn.XLOOKUP(D21,'LD-ELFA'!F:F,'LD-ELFA'!N:N)) | K21: =IF(_xlfn.XLOOKUP($D21,'LD-ELFA'!F:F,'LD-ELFA'!U:U)="","Documento a emitir",_xlfn.XLOOKUP($D21,'LD-ELFA'!F:F,'LD-ELFA'!U:U)) -> Documento a emitir | L21: =IF(K21="Documento a emitir","Documento a emitir",IF(K21<>"Documento a emitir",IF(_xlfn.XLOOKUP(D21,'LD-ELFA'!F:F,'LD-ELFA'!W:W)="","",_xlfn.XLOOKUP(D21,'LD-ELFA'!F:F,'LD-ELFA'!W:W)),"")) -> Documento a emitir | M21: =IF(K21="Documento a emitir","",IF(AND(Q21="APC-R - APC-R - Aprovado com Comentários (Retornar para uma nova Aprovação)",Q21="APC-L - APC-L - Aprovado com Comentários (Retornar Aprovado)"),"",IF(OR(_xlfn.XLOOKUP(D21,'LD-ELFA'!F:F,'LD-ELFA'!N:N)="PARA CONHECIMENTO",_xlfn.XLOOKUP(D21,'LD-ELFA'!F:F,'LD-ELFA'!N:N)="PARA CONSTRUÇÃO",_xlfn.XLOOKUP(D21,'LD-ELFA'!F:F,'LD-ELFA'!N:N)="PARA COTAÇÃO",_xlfn.XLOOKUP(D21,'LD-ELFA'!F:F,'LD-ELFA'!N:N)="CANCELADO"),_xlfn.XLOOKUP(D21,'LD-ELFA'!F:F,'LD-ELFA'!U:U),IF(AND(L21="",J21<>"PARA APROVAÇÃO"),"","")))) | N21: =IF(O21="Documento Concluído","Documento Concluído",IF(O21="Cliente - Atendimento de Comentário",IF(TODAY()<=(K21+3),"No prazo","Atrasado"),IF(O21="Cliente - Atendimento de Comentário",IF(TODAY()<=(WORKDAY(K21,3,0)),"No prazo","Atrasado"),IF(O21="Blossom - Emissão Final",IF(TODAY()<=(WORKDAY(L21,3,0)),"No prazo","Atrasado"),IF(O21="Blossom - Atendimento de Comentário",IF(TODAY()<=(WORKDAY(L21,3,0)),"No prazo","Atrasado"),IF(O21="Blossom - Documento a emitir","Documento a Emitir","ERRO")))))) -> Documento a Emitir | O21: =IF(R21="Documento Removido","Documento Removido",IF(M21<>"","Documento Concluído",IF(AND(M21="",Q21="PARA APROVAÇÃO"),"Blossom - Emissão Final",IF(AND(M21="",Q21="APC-L - APC-L - Aprovado com Comentários (Retornar Aprovado)",Q21="APC-R - APC-R - Aprovado com Comentários (Retornar para uma nova Aprovação)"),"Blossom - Atendimento de Comentário",IF(AND(L21<>"",J21="PARA APROVAÇÃO"),"Blossom - Atendimento de Comentário",IF(AND(L21<>"",J21="PRELIMINAR"),"Blossom - Atendimento de Comentário",IF(AND(L21="",J21<>"PARA APROVAÇÃO"),"Cliente - Atendimento de Comentário",IF(AND(L21="",J21<>"PRELIMINAR"),"Cliente - Atendimento de Comentário",IF(AND(K21<>"Documento a emitir",J21="PARA APROVAÇÃO"),"Cliente - Atendimento de Comentário",IF(K21="Documento a emitir","Blossom - Documento a emitir","ERRO")))))))))) -> Blossom - Documento a emitir | P21: =IF(O21="Documento finalizado","Documento finalizado",IF(ISNUMBER(FIND("Cliente",O21)),"Circlua","Blossom")) -> Blossom | Q21: =IF(_xlfn.XLOOKUP(D21,'LD-ELFA'!F:F,'LD-ELFA'!V:V)="","",_xlfn.XLOOKUP(D21,'LD-ELFA'!F:F,'LD-ELFA'!V:V)) | R21: =IFERROR(IF(I21<>"","Documento Emitido",_xlfn.XLOOKUP(D21,Cronograma!P:P,Cronograma!Q:Q)),"Documento Removido") -> 46233 | S21: =IFERROR(IF(K21<>"Documento a emitir","Documento Emitido",IF(R21<TODAY(),"Emissão Atrasada","No prazo")),"Documento Removido") -> No prazo | T21: =IFERROR(IF(I21<>"","Documento Emitido",_xlfn.XLOOKUP(D21,Cronograma!P:P,Cronograma!R:R)),"Documento Removido") -> 46233 | U21: =IFERROR(IF(K21<>"Documento a emitir","Documento Emitido",IF(T21<R21,"Emissão Atrasada","No prazo")),"Documento Removido") -> No prazo | V21: =IF(R21="Documento Emitido","Documento Emitido", IF(R21="Documento Removido","Documento Removido", IF(AND(R21-$D$1>=0,R21-$D$1<=7),"Semana 1", IF(AND(R21-$D$1>7,R21-$D$1<=14),"Semana 2",IF(AND(R21-$D$1>14,R21-$D$1<=21),"Semana 3",""))))) -> Semana 3 | W21: =IF(OR(K21="Documento a emitir", K21="Documento Emitido"), "", IF(AND(ISNUMBER(K21), K21>=TODAY()-WEEKDAY(TODAY(),2)-6, K21<=TODAY()-WEEKDAY(TODAY(),2)+5), IF(G21=0, "Emissão Semana", "Atendimento de Comentário"), ""))
A22: 19 | B22: =_xlfn.XLOOKUP(D22,'LD-ELFA'!F:F,'LD-ELFA'!C:C) -> AI - Automacao E Instrumentacao | C22: =_xlfn.XLOOKUP(D22,'LD-ELFA'!F:F,'LD-ELFA'!D:D) -> FDA - Folha De Dados | D22: BL1132-0001-AI-FDA-2000 | E22: =_xlfn.LET(_xlpm.q,_xlfn.XLOOKUP(D22,'LD-ELFA'!F:F,'LD-ELFA'!Q:Q), _xlpm.r,_xlfn.XLOOKUP(D22,'LD-ELFA'!F:F,'LD-ELFA'!R:R), IF(_xlpm.r = "", _xlpm.q, _xlpm.q & " - " & _xlpm.r)) -> FOLHA DE DADOS - BALANÇA RODOVIÁRIA | F22: =IF(ISNUMBER(VALUE(RIGHT(D22,4))), IF(AND(VALUE(RIGHT(D22,4))>=1000, VALUE(RIGHT(D22,4))<2000), "Conceitual", IF(AND(VALUE(RIGHT(D22,4))>=2000, VALUE(RIGHT(D22,4))<3000), "Básico", IF(AND(VALUE(RIGHT(D22,4))>=3000, VALUE(RIGHT(D22,4))<4000), "Detalhado", ""))), "") -> Básico | G22: =_xlfn.XLOOKUP(D22,'LD-ELFA'!F:F,'LD-ELFA'!G:G) -> 0 | H22: =_xlfn.XLOOKUP(D22,'LD-ELFA'!F:F,'LD-ELFA'!I:I) -> 0 | I22: =IF(_xlfn.XLOOKUP(D22,'LD-ELFA'!F:F,'LD-ELFA'!T:T)="","",_xlfn.XLOOKUP(D22,'LD-ELFA'!F:F,'LD-ELFA'!T:T)) | J22: =IF(K22="Documento a emitir", "",_xlfn.XLOOKUP(D22,'LD-ELFA'!F:F,'LD-ELFA'!N:N)) | K22: =IF(_xlfn.XLOOKUP($D22,'LD-ELFA'!F:F,'LD-ELFA'!U:U)="","Documento a emitir",_xlfn.XLOOKUP($D22,'LD-ELFA'!F:F,'LD-ELFA'!U:U)) -> Documento a emitir | L22: =IF(K22="Documento a emitir","Documento a emitir",IF(K22<>"Documento a emitir",IF(_xlfn.XLOOKUP(D22,'LD-ELFA'!F:F,'LD-ELFA'!W:W)="","",_xlfn.XLOOKUP(D22,'LD-ELFA'!F:F,'LD-ELFA'!W:W)),"")) -> Documento a emitir | M22: =IF(K22="Documento a emitir","",IF(AND(Q22="APC-R - APC-R - Aprovado com Comentários (Retornar para uma nova Aprovação)",Q22="APC-L - APC-L - Aprovado com Comentários (Retornar Aprovado)"),"",IF(OR(_xlfn.XLOOKUP(D22,'LD-ELFA'!F:F,'LD-ELFA'!N:N)="PARA CONHECIMENTO",_xlfn.XLOOKUP(D22,'LD-ELFA'!F:F,'LD-ELFA'!N:N)="PARA CONSTRUÇÃO",_xlfn.XLOOKUP(D22,'LD-ELFA'!F:F,'LD-ELFA'!N:N)="PARA COTAÇÃO",_xlfn.XLOOKUP(D22,'LD-ELFA'!F:F,'LD-ELFA'!N:N)="CANCELADO"),_xlfn.XLOOKUP(D22,'LD-ELFA'!F:F,'LD-ELFA'!U:U),IF(AND(L22="",J22<>"PARA APROVAÇÃO"),"","")))) | N22: =IF(O22="Documento Concluído","Documento Concluído",IF(O22="Cliente - Atendimento de Comentário",IF(TODAY()<=(K22+3),"No prazo","Atrasado"),IF(O22="Cliente - Atendimento de Comentário",IF(TODAY()<=(WORKDAY(K22,3,0)),"No prazo","Atrasado"),IF(O22="Blossom - Emissão Final",IF(TODAY()<=(WORKDAY(L22,3,0)),"No prazo","Atrasado"),IF(O22="Blossom - Atendimento de Comentário",IF(TODAY()<=(WORKDAY(L22,3,0)),"No prazo","Atrasado"),IF(O22="Blossom - Documento a emitir","Documento a Emitir","ERRO")))))) -> Documento a Emitir | O22: =IF(R22="Documento Removido","Documento Removido",IF(M22<>"","Documento Concluído",IF(AND(M22="",Q22="PARA APROVAÇÃO"),"Blossom - Emissão Final",IF(AND(M22="",Q22="APC-L - APC-L - Aprovado com Comentários (Retornar Aprovado)",Q22="APC-R - APC-R - Aprovado com Comentários (Retornar para uma nova Aprovação)"),"Blossom - Atendimento de Comentário",IF(AND(L22<>"",J22="PARA APROVAÇÃO"),"Blossom - Atendimento de Comentário",IF(AND(L22<>"",J22="PRELIMINAR"),"Blossom - Atendimento de Comentário",IF(AND(L22="",J22<>"PARA APROVAÇÃO"),"Cliente - Atendimento de Comentário",IF(AND(L22="",J22<>"PRELIMINAR"),"Cliente - Atendimento de Comentário",IF(AND(K22<>"Documento a emitir",J22="PARA APROVAÇÃO"),"Cliente - Atendimento de Comentário",IF(K22="Documento a emitir","Blossom - Documento a emitir","ERRO")))))))))) -> Blossom - Documento a emitir | P22: =IF(O22="Documento finalizado","Documento finalizado",IF(ISNUMBER(FIND("Cliente",O22)),"Circlua","Blossom")) -> Blossom | Q22: =IF(_xlfn.XLOOKUP(D22,'LD-ELFA'!F:F,'LD-ELFA'!V:V)="","",_xlfn.XLOOKUP(D22,'LD-ELFA'!F:F,'LD-ELFA'!V:V)) | R22: =IFERROR(IF(I22<>"","Documento Emitido",_xlfn.XLOOKUP(D22,Cronograma!P:P,Cronograma!Q:Q)),"Documento Removido") -> 46255 | S22: =IFERROR(IF(K22<>"Documento a emitir","Documento Emitido",IF(R22<TODAY(),"Emissão Atrasada","No prazo")),"Documento Removido") -> No prazo | T22: =IFERROR(IF(I22<>"","Documento Emitido",_xlfn.XLOOKUP(D22,Cronograma!P:P,Cronograma!R:R)),"Documento Removido") -> 46255 | U22: =IFERROR(IF(K22<>"Documento a emitir","Documento Emitido",IF(T22<R22,"Emissão Atrasada","No prazo")),"Documento Removido") -> No prazo | V22: =IF(R22="Documento Emitido","Documento Emitido", IF(R22="Documento Removido","Documento Removido", IF(AND(R22-$D$1>=0,R22-$D$1<=7),"Semana 1", IF(AND(R22-$D$1>7,R22-$D$1<=14),"Semana 2",IF(AND(R22-$D$1>14,R22-$D$1<=21),"Semana 3",""))))) | W22: =IF(OR(K22="Documento a emitir", K22="Documento Emitido"), "", IF(AND(ISNUMBER(K22), K22>=TODAY()-WEEKDAY(TODAY(),2)-6, K22<=TODAY()-WEEKDAY(TODAY(),2)+5), IF(G22=0, "Emissão Semana", "Atendimento de Comentário"), ""))
... A51: 48 | B51: =_xlfn.XLOOKUP(D51,'LD-ELFA'!F:F,'LD-ELFA'!C:C) -> AI - Automacao E Instrumentacao | C51: =_xlfn.XLOOKUP(D51,'LD-ELFA'!F:F,'LD-ELFA'!D:D) -> FDA - Folha De Dados | D51: BL1132-0001-AI-FDA-2029 | E51: =_xlfn.LET(_xlpm.q,_xlfn.XLOOKUP(D51,'LD-ELFA'!F:F,'LD-ELFA'!Q:Q), _xlpm.r,_xlfn.XLOOKUP(D51,'LD-ELFA'!F:F,'LD-ELFA'!R:R), IF(_xlpm.r = "", _xlpm.q, _xlpm.q & " - " & _xlpm.r)) -> FOLHA DE DADOS - INFRAESTRUTURA E BACKBONE | F51: =IF(ISNUMBER(VALUE(RIGHT(D51,4))), IF(AND(VALUE(RIGHT(D51,4))>=1000, VALUE(RIGHT(D51,4))<2000), "Conceitual", IF(AND(VALUE(RIGHT(D51,4))>=2000, VALUE(RIGHT(D51,4))<3000), "Básico", IF(AND(VALUE(RIGHT(D51,4))>=3000, VALUE(RIGHT(D51,4))<4000), "Detalhado", ""))), "") -> Básico | G51: =_xlfn.XLOOKUP(D51,'LD-ELFA'!F:F,'LD-ELFA'!G:G) -> 0 | H51: =_xlfn.XLOOKUP(D51,'LD-ELFA'!F:F,'LD-ELFA'!I:I) -> 0 | I51: =IF(_xlfn.XLOOKUP(D51,'LD-ELFA'!F:F,'LD-ELFA'!T:T)="","",_xlfn.XLOOKUP(D51,'LD-ELFA'!F:F,'LD-ELFA'!T:T)) | J51: =IF(K51="Documento a emitir", "",_xlfn.XLOOKUP(D51,'LD-ELFA'!F:F,'LD-ELFA'!N:N)) | K51: =IF(_xlfn.XLOOKUP($D51,'LD-ELFA'!F:F,'LD-ELFA'!U:U)="","Documento a emitir",_xlfn.XLOOKUP($D51,'LD-ELFA'!F:F,'LD-ELFA'!U:U)) -> Documento a emitir | L51: =IF(K51="Documento a emitir","Documento a emitir",IF(K51<>"Documento a emitir",IF(_xlfn.XLOOKUP(D51,'LD-ELFA'!F:F,'LD-ELFA'!W:W)="","",_xlfn.XLOOKUP(D51,'LD-ELFA'!F:F,'LD-ELFA'!W:W)),"")) -> Documento a emitir | M51: =IF(K51="Documento a emitir","",IF(AND(Q51="APC-R - APC-R - Aprovado com Comentários (Retornar para uma nova Aprovação)",Q51="APC-L - APC-L - Aprovado com Comentários (Retornar Aprovado)"),"",IF(OR(_xlfn.XLOOKUP(D51,'LD-ELFA'!F:F,'LD-ELFA'!N:N)="PARA CONHECIMENTO",_xlfn.XLOOKUP(D51,'LD-ELFA'!F:F,'LD-ELFA'!N:N)="PARA CONSTRUÇÃO",_xlfn.XLOOKUP(D51,'LD-ELFA'!F:F,'LD-ELFA'!N:N)="PARA COTAÇÃO",_xlfn.XLOOKUP(D51,'LD-ELFA'!F:F,'LD-ELFA'!N:N)="CANCELADO"),_xlfn.XLOOKUP(D51,'LD-ELFA'!F:F,'LD-ELFA'!U:U),IF(AND(L51="",J51<>"PARA APROVAÇÃO"),"","")))) | N51: =IF(O51="Documento Concluído","Documento Concluído",IF(O51="Cliente - Atendimento de Comentário",IF(TODAY()<=(K51+3),"No prazo","Atrasado"),IF(O51="Cliente - Atendimento de Comentário",IF(TODAY()<=(WORKDAY(K51,3,0)),"No prazo","Atrasado"),IF(O51="Blossom - Emissão Final",IF(TODAY()<=(WORKDAY(L51,3,0)),"No prazo","Atrasado"),IF(O51="Blossom - Atendimento de Comentário",IF(TODAY()<=(WORKDAY(L51,3,0)),"No prazo","Atrasado"),IF(O51="Blossom - Documento a emitir","Documento a Emitir","ERRO")))))) -> Documento a Emitir | O51: =IF(R51="Documento Removido","Documento Removido",IF(M51<>"","Documento Concluído",IF(AND(M51="",Q51="PARA APROVAÇÃO"),"Blossom - Emissão Final",IF(AND(M51="",Q51="APC-L - APC-L - Aprovado com Comentários (Retornar Aprovado)",Q51="APC-R - APC-R - Aprovado com Comentários (Retornar para uma nova Aprovação)"),"Blossom - Atendimento de Comentário",IF(AND(L51<>"",J51="PARA APROVAÇÃO"),"Blossom - Atendimento de Comentário",IF(AND(L51<>"",J51="PRELIMINAR"),"Blossom - Atendimento de Comentário",IF(AND(L51="",J51<>"PARA APROVAÇÃO"),"Cliente - Atendimento de Comentário",IF(AND(L51="",J51<>"PRELIMINAR"),"Cliente - Atendimento de Comentário",IF(AND(K51<>"Documento a emitir",J51="PARA APROVAÇÃO"),"Cliente - Atendimento de Comentário",IF(K51="Documento a emitir","Blossom - Documento a emitir","ERRO")))))))))) -> Blossom - Documento a emitir | P51: =IF(O51="Documento finalizado","Documento finalizado",IF(ISNUMBER(FIND("Cliente",O51)),"Circlua","Blossom")) -> Blossom | Q51: =IF(_xlfn.XLOOKUP(D51,'LD-ELFA'!F:F,'LD-ELFA'!V:V)="","",_xlfn.XLOOKUP(D51,'LD-ELFA'!F:F,'LD-ELFA'!V:V)) | R51: =IFERROR(IF(I51<>"","Documento Emitido",_xlfn.XLOOKUP(D51,Cronograma!P:P,Cronograma!Q:Q)),"Documento Removido") -> 46247 | S51: =IFERROR(IF(K51<>"Documento a emitir","Documento Emitido",IF(R51<TODAY(),"Emissão Atrasada","No prazo")),"Documento Removido") -> No prazo | T51: =IFERROR(IF(I51<>"","Documento Emitido",_xlfn.XLOOKUP(D51,Cronograma!P:P,Cronograma!R:R)),"Documento Removido") -> 46247 | U51: =IFERROR(IF(K51<>"Documento a emitir","Documento Emitido",IF(T51<R51,"Emissão Atrasada","No prazo")),"Documento Removido") -> No prazo | V51: =IF(R51="Documento Emitido","Documento Emitido", IF(R51="Documento Removido","Documento Removido", IF(AND(R51-$D$1>=0,R51-$D$1<=7),"Semana 1", IF(AND(R51-$D$1>7,R51-$D$1<=14),"Semana 2",IF(AND(R51-$D$1>14,R51-$D$1<=21),"Semana 3",""))))) | W51: =IF(OR(K51="Documento a emitir", K51="Documento Emitido"), "", IF(AND(ISNUMBER(K51), K51>=TODAY()-WEEKDAY(TODAY(),2)-6, K51<=TODAY()-WEEKDAY(TODAY(),2)+5), IF(G51=0, "Emissão Semana", "Atendimento de Comentário"), ""))
A52: 49 | B52: =_xlfn.XLOOKUP(D52,'LD-ELFA'!F:F,'LD-ELFA'!C:C) -> #N/A | C52: =_xlfn.XLOOKUP(D52,'LD-ELFA'!F:F,'LD-ELFA'!D:D) -> #N/A | D52: BL1132-0001-AI-FDA-2030 | E52: =_xlfn.LET(_xlpm.q,_xlfn.XLOOKUP(D52,'LD-ELFA'!F:F,'LD-ELFA'!Q:Q), _xlpm.r,_xlfn.XLOOKUP(D52,'LD-ELFA'!F:F,'LD-ELFA'!R:R), IF(_xlpm.r = "", _xlpm.q, _xlpm.q & " - " & _xlpm.r)) -> #N/A | F52: =IF(ISNUMBER(VALUE(RIGHT(D52,4))), IF(AND(VALUE(RIGHT(D52,4))>=1000, VALUE(RIGHT(D52,4))<2000), "Conceitual", IF(AND(VALUE(RIGHT(D52,4))>=2000, VALUE(RIGHT(D52,4))<3000), "Básico", IF(AND(VALUE(RIGHT(D52,4))>=3000, VALUE(RIGHT(D52,4))<4000), "Detalhado", ""))), "") -> Básico | G52: =_xlfn.XLOOKUP(D52,'LD-ELFA'!F:F,'LD-ELFA'!G:G) -> #N/A | H52: =_xlfn.XLOOKUP(D52,'LD-ELFA'!F:F,'LD-ELFA'!I:I) -> #N/A | I52: =IF(_xlfn.XLOOKUP(D52,'LD-ELFA'!F:F,'LD-ELFA'!T:T)="","",_xlfn.XLOOKUP(D52,'LD-ELFA'!F:F,'LD-ELFA'!T:T)) -> #N/A | J52: =IF(K52="Documento a emitir", "",_xlfn.XLOOKUP(D52,'LD-ELFA'!F:F,'LD-ELFA'!N:N)) -> #N/A | K52: =IF(_xlfn.XLOOKUP($D52,'LD-ELFA'!F:F,'LD-ELFA'!U:U)="","Documento a emitir",_xlfn.XLOOKUP($D52,'LD-ELFA'!F:F,'LD-ELFA'!U:U)) -> #N/A | L52: =IF(K52="Documento a emitir","Documento a emitir",IF(K52<>"Documento a emitir",IF(_xlfn.XLOOKUP(D52,'LD-ELFA'!F:F,'LD-ELFA'!W:W)="","",_xlfn.XLOOKUP(D52,'LD-ELFA'!F:F,'LD-ELFA'!W:W)),"")) -> #N/A | M52: =IF(K52="Documento a emitir","",IF(AND(Q52="APC-R - APC-R - Aprovado com Comentários (Retornar para uma nova Aprovação)",Q52="APC-L - APC-L - Aprovado com Comentários (Retornar Aprovado)"),"",IF(OR(_xlfn.XLOOKUP(D52,'LD-ELFA'!F:F,'LD-ELFA'!N:N)="PARA CONHECIMENTO",_xlfn.XLOOKUP(D52,'LD-ELFA'!F:F,'LD-ELFA'!N:N)="PARA CONSTRUÇÃO",_xlfn.XLOOKUP(D52,'LD-ELFA'!F:F,'LD-ELFA'!N:N)="PARA COTAÇÃO",_xlfn.XLOOKUP(D52,'LD-ELFA'!F:F,'LD-ELFA'!N:N)="CANCELADO"),_xlfn.XLOOKUP(D52,'LD-ELFA'!F:F,'LD-ELFA'!U:U),IF(AND(L52="",J52<>"PARA APROVAÇÃO"),"","")))) -> #N/A | N52: =IF(O52="Documento Concluído","Documento Concluído",IF(O52="Cliente - Atendimento de Comentário",IF(TODAY()<=(K52+3),"No prazo","Atrasado"),IF(O52="Cliente - Atendimento de Comentário",IF(TODAY()<=(WORKDAY(K52,3,0)),"No prazo","Atrasado"),IF(O52="Blossom - Emissão Final",IF(TODAY()<=(WORKDAY(L52,3,0)),"No prazo","Atrasado"),IF(O52="Blossom - Atendimento de Comentário",IF(TODAY()<=(WORKDAY(L52,3,0)),"No prazo","Atrasado"),IF(O52="Blossom - Documento a emitir","Documento a Emitir",IF(O52="Documento Removido","Documento Removido","ERRO"))))))) -> Documento Removido | O52: =IF(R52="Documento Removido","Documento Removido",IF(M52<>"","Documento Concluído",IF(AND(M52="",Q52="PARA APROVAÇÃO"),"Blossom - Emissão Final",IF(AND(M52="",Q52="APC-L - APC-L - Aprovado com Comentários (Retornar Aprovado)",Q52="APC-R - APC-R - Aprovado com Comentários (Retornar para uma nova Aprovação)"),"Blossom - Atendimento de Comentário",IF(AND(L52<>"",J52="PARA APROVAÇÃO"),"Blossom - Atendimento de Comentário",IF(AND(L52<>"",J52="PRELIMINAR"),"Blossom - Atendimento de Comentário",IF(AND(L52="",J52<>"PARA APROVAÇÃO"),"Cliente - Atendimento de Comentário",IF(AND(L52="",J52<>"PRELIMINAR"),"Cliente - Atendimento de Comentário",IF(AND(K52<>"Documento a emitir",J52="PARA APROVAÇÃO"),"Cliente - Atendimento de Comentário",IF(K52="Documento a emitir","Blossom - Documento a emitir","ERRO")))))))))) -> Documento Removido | P52: =IF(O52="Documento finalizado","Documento finalizado",IF(ISNUMBER(FIND("Cliente",O52)),"Circlua","Blossom")) -> Blossom | Q52: =IF(_xlfn.XLOOKUP(D52,'LD-ELFA'!F:F,'LD-ELFA'!V:V)="","",_xlfn.XLOOKUP(D52,'LD-ELFA'!F:F,'LD-ELFA'!V:V)) -> #N/A | R52: =IFERROR(IF(I52<>"","Documento Emitido",_xlfn.XLOOKUP(D52,Cronograma!P:P,Cronograma!Q:Q)),"Documento Removido") -> Documento Removido | S52: =IFERROR(IF(K52<>"Documento a emitir","Documento Emitido",IF(R52<TODAY(),"Emissão Atrasada","No prazo")),"Documento Removido") -> Documento Removido | T52: =IFERROR(IF(I52<>"","Documento Emitido",_xlfn.XLOOKUP(D52,Cronograma!P:P,Cronograma!R:R)),"Documento Removido") -> Documento Removido | U52: =IFERROR(IF(K52<>"Documento a emitir","Documento Emitido",IF(T52<R52,"Emissão Atrasada","No prazo")),"Documento Removido") -> Documento Removido | V52: =IF(R52="Documento Emitido","Documento Emitido", IF(R52="Documento Removido","Documento Removido", IF(AND(R52-$D$1>=0,R52-$D$1<=7),"Semana 1", IF(AND(R52-$D$1>7,R52-$D$1<=14),"Semana 2",IF(AND(R52-$D$1>14,R52-$D$1<=21),"Semana 3",""))))) -> Documento Removido | W52: =IF(OR(K52="Documento a emitir", K52="Documento Emitido"), "", IF(AND(ISNUMBER(K52), K52>=TODAY()-WEEKDAY(TODAY(),2)-6, K52<=TODAY()-WEEKDAY(TODAY(),2)+5), IF(G52=0, "Emissão Semana", "Atendimento de Comentário"), "")) -> #N/A
A53: 50 | B53: =_xlfn.XLOOKUP(D53,'LD-ELFA'!F:F,'LD-ELFA'!C:C) -> #N/A | C53: =_xlfn.XLOOKUP(D53,'LD-ELFA'!F:F,'LD-ELFA'!D:D) -> #N/A | D53: BL1132-0001-AI-FDA-2031 | E53: =_xlfn.LET(_xlpm.q,_xlfn.XLOOKUP(D53,'LD-ELFA'!F:F,'LD-ELFA'!Q:Q), _xlpm.r,_xlfn.XLOOKUP(D53,'LD-ELFA'!F:F,'LD-ELFA'!R:R), IF(_xlpm.r = "", _xlpm.q, _xlpm.q & " - " & _xlpm.r)) -> #N/A | F53: =IF(ISNUMBER(VALUE(RIGHT(D53,4))), IF(AND(VALUE(RIGHT(D53,4))>=1000, VALUE(RIGHT(D53,4))<2000), "Conceitual", IF(AND(VALUE(RIGHT(D53,4))>=2000, VALUE(RIGHT(D53,4))<3000), "Básico", IF(AND(VALUE(RIGHT(D53,4))>=3000, VALUE(RIGHT(D53,4))<4000), "Detalhado", ""))), "") -> Básico | G53: =_xlfn.XLOOKUP(D53,'LD-ELFA'!F:F,'LD-ELFA'!G:G) -> #N/A | H53: =_xlfn.XLOOKUP(D53,'LD-ELFA'!F:F,'LD-ELFA'!I:I) -> #N/A | I53: =IF(_xlfn.XLOOKUP(D53,'LD-ELFA'!F:F,'LD-ELFA'!T:T)="","",_xlfn.XLOOKUP(D53,'LD-ELFA'!F:F,'LD-ELFA'!T:T)) -> #N/A | J53: =IF(K53="Documento a emitir", "",_xlfn.XLOOKUP(D53,'LD-ELFA'!F:F,'LD-ELFA'!N:N)) -> #N/A | K53: =IF(_xlfn.XLOOKUP($D53,'LD-ELFA'!F:F,'LD-ELFA'!U:U)="","Documento a emitir",_xlfn.XLOOKUP($D53,'LD-ELFA'!F:F,'LD-ELFA'!U:U)) -> #N/A | L53: =IF(K53="Documento a emitir","Documento a emitir",IF(K53<>"Documento a emitir",IF(_xlfn.XLOOKUP(D53,'LD-ELFA'!F:F,'LD-ELFA'!W:W)="","",_xlfn.XLOOKUP(D53,'LD-ELFA'!F:F,'LD-ELFA'!W:W)),"")) -> #N/A | M53: =IF(K53="Documento a emitir","",IF(AND(Q53="APC-R - APC-R - Aprovado com Comentários (Retornar para uma nova Aprovação)",Q53="APC-L - APC-L - Aprovado com Comentários (Retornar Aprovado)"),"",IF(OR(_xlfn.XLOOKUP(D53,'LD-ELFA'!F:F,'LD-ELFA'!N:N)="PARA CONHECIMENTO",_xlfn.XLOOKUP(D53,'LD-ELFA'!F:F,'LD-ELFA'!N:N)="PARA CONSTRUÇÃO",_xlfn.XLOOKUP(D53,'LD-ELFA'!F:F,'LD-ELFA'!N:N)="PARA COTAÇÃO",_xlfn.XLOOKUP(D53,'LD-ELFA'!F:F,'LD-ELFA'!N:N)="CANCELADO"),_xlfn.XLOOKUP(D53,'LD-ELFA'!F:F,'LD-ELFA'!U:U),IF(AND(L53="",J53<>"PARA APROVAÇÃO"),"","")))) -> #N/A | N53: =IF(O53="Documento Concluído","Documento Concluído",IF(O53="Cliente - Atendimento de Comentário",IF(TODAY()<=(K53+3),"No prazo","Atrasado"),IF(O53="Cliente - Atendimento de Comentário",IF(TODAY()<=(WORKDAY(K53,3,0)),"No prazo","Atrasado"),IF(O53="Blossom - Emissão Final",IF(TODAY()<=(WORKDAY(L53,3,0)),"No prazo","Atrasado"),IF(O53="Blossom - Atendimento de Comentário",IF(TODAY()<=(WORKDAY(L53,3,0)),"No prazo","Atrasado"),IF(O53="Blossom - Documento a emitir","Documento a Emitir",IF(O53="Documento Removido","Documento Removido","ERRO"))))))) -> Documento Removido | O53: =IF(R53="Documento Removido","Documento Removido",IF(M53<>"","Documento Concluído",IF(AND(M53="",Q53="PARA APROVAÇÃO"),"Blossom - Emissão Final",IF(AND(M53="",Q53="APC-L - APC-L - Aprovado com Comentários (Retornar Aprovado)",Q53="APC-R - APC-R - Aprovado com Comentários (Retornar para uma nova Aprovação)"),"Blossom - Atendimento de Comentário",IF(AND(L53<>"",J53="PARA APROVAÇÃO"),"Blossom - Atendimento de Comentário",IF(AND(L53<>"",J53="PRELIMINAR"),"Blossom - Atendimento de Comentário",IF(AND(L53="",J53<>"PARA APROVAÇÃO"),"Cliente - Atendimento de Comentário",IF(AND(L53="",J53<>"PRELIMINAR"),"Cliente - Atendimento de Comentário",IF(AND(K53<>"Documento a emitir",J53="PARA APROVAÇÃO"),"Cliente - Atendimento de Comentário",IF(K53="Documento a emitir","Blossom - Documento a emitir","ERRO")))))))))) -> Documento Removido | P53: =IF(O53="Documento finalizado","Documento finalizado",IF(ISNUMBER(FIND("Cliente",O53)),"Circlua","Blossom")) -> Blossom | Q53: =IF(_xlfn.XLOOKUP(D53,'LD-ELFA'!F:F,'LD-ELFA'!V:V)="","",_xlfn.XLOOKUP(D53,'LD-ELFA'!F:F,'LD-ELFA'!V:V)) -> #N/A | R53: =IFERROR(IF(I53<>"","Documento Emitido",_xlfn.XLOOKUP(D53,Cronograma!P:P,Cronograma!Q:Q)),"Documento Removido") -> Documento Removido | S53: =IFERROR(IF(K53<>"Documento a emitir","Documento Emitido",IF(R53<TODAY(),"Emissão Atrasada","No prazo")),"Documento Removido") -> Documento Removido | T53: =IFERROR(IF(I53<>"","Documento Emitido",_xlfn.XLOOKUP(D53,Cronograma!P:P,Cronograma!R:R)),"Documento Removido") -> Documento Removido | U53: =IFERROR(IF(K53<>"Documento a emitir","Documento Emitido",IF(T53<R53,"Emissão Atrasada","No prazo")),"Documento Removido") -> Documento Removido | V53: =IF(R53="Documento Emitido","Documento Emitido", IF(R53="Documento Removido","Documento Removido", IF(AND(R53-$D$1>=0,R53-$D$1<=7),"Semana 1", IF(AND(R53-$D$1>7,R53-$D$1<=14),"Semana 2",IF(AND(R53-$D$1>14,R53-$D$1<=21),"Semana 3",""))))) -> Documento Removido | W53: =IF(OR(K53="Documento a emitir", K53="Documento Emitido"), "", IF(AND(ISNUMBER(K53), K53>=TODAY()-WEEKDAY(TODAY(),2)-6, K53<=TODAY()-WEEKDAY(TODAY(),2)+5), IF(G53=0, "Emissão Semana", "Atendimento de Comentário"), "")) -> #N/A
A54: 51 | B54: =_xlfn.XLOOKUP(D54,'LD-ELFA'!F:F,'LD-ELFA'!C:C) -> #N/A | C54: =_xlfn.XLOOKUP(D54,'LD-ELFA'!F:F,'LD-ELFA'!D:D) -> #N/A | D54: BL1132-0001-AI-FDA-2032 | E54: =_xlfn.LET(_xlpm.q,_xlfn.XLOOKUP(D54,'LD-ELFA'!F:F,'LD-ELFA'!Q:Q), _xlpm.r,_xlfn.XLOOKUP(D54,'LD-ELFA'!F:F,'LD-ELFA'!R:R), IF(_xlpm.r = "", _xlpm.q, _xlpm.q & " - " & _xlpm.r)) -> #N/A | F54: =IF(ISNUMBER(VALUE(RIGHT(D54,4))), IF(AND(VALUE(RIGHT(D54,4))>=1000, VALUE(RIGHT(D54,4))<2000), "Conceitual", IF(AND(VALUE(RIGHT(D54,4))>=2000, VALUE(RIGHT(D54,4))<3000), "Básico", IF(AND(VALUE(RIGHT(D54,4))>=3000, VALUE(RIGHT(D54,4))<4000), "Detalhado", ""))), "") -> Básico | G54: =_xlfn.XLOOKUP(D54,'LD-ELFA'!F:F,'LD-ELFA'!G:G) -> #N/A | H54: =_xlfn.XLOOKUP(D54,'LD-ELFA'!F:F,'LD-ELFA'!I:I) -> #N/A | I54: =IF(_xlfn.XLOOKUP(D54,'LD-ELFA'!F:F,'LD-ELFA'!T:T)="","",_xlfn.XLOOKUP(D54,'LD-ELFA'!F:F,'LD-ELFA'!T:T)) -> #N/A | J54: =IF(K54="Documento a emitir", "",_xlfn.XLOOKUP(D54,'LD-ELFA'!F:F,'LD-ELFA'!N:N)) -> #N/A | K54: =IF(_xlfn.XLOOKUP($D54,'LD-ELFA'!F:F,'LD-ELFA'!U:U)="","Documento a emitir",_xlfn.XLOOKUP($D54,'LD-ELFA'!F:F,'LD-ELFA'!U:U)) -> #N/A | L54: =IF(K54="Documento a emitir","Documento a emitir",IF(K54<>"Documento a emitir",IF(_xlfn.XLOOKUP(D54,'LD-ELFA'!F:F,'LD-ELFA'!W:W)="","",_xlfn.XLOOKUP(D54,'LD-ELFA'!F:F,'LD-ELFA'!W:W)),"")) -> #N/A | M54: =IF(K54="Documento a emitir","",IF(AND(Q54="APC-R - APC-R - Aprovado com Comentários (Retornar para uma nova Aprovação)",Q54="APC-L - APC-L - Aprovado com Comentários (Retornar Aprovado)"),"",IF(OR(_xlfn.XLOOKUP(D54,'LD-ELFA'!F:F,'LD-ELFA'!N:N)="PARA CONHECIMENTO",_xlfn.XLOOKUP(D54,'LD-ELFA'!F:F,'LD-ELFA'!N:N)="PARA CONSTRUÇÃO",_xlfn.XLOOKUP(D54,'LD-ELFA'!F:F,'LD-ELFA'!N:N)="PARA COTAÇÃO",_xlfn.XLOOKUP(D54,'LD-ELFA'!F:F,'LD-ELFA'!N:N)="CANCELADO"),_xlfn.XLOOKUP(D54,'LD-ELFA'!F:F,'LD-ELFA'!U:U),IF(AND(L54="",J54<>"PARA APROVAÇÃO"),"","")))) -> #N/A | N54: =IF(O54="Documento Concluído","Documento Concluído",IF(O54="Cliente - Atendimento de Comentário",IF(TODAY()<=(K54+3),"No prazo","Atrasado"),IF(O54="Cliente - Atendimento de Comentário",IF(TODAY()<=(WORKDAY(K54,3,0)),"No prazo","Atrasado"),IF(O54="Blossom - Emissão Final",IF(TODAY()<=(WORKDAY(L54,3,0)),"No prazo","Atrasado"),IF(O54="Blossom - Atendimento de Comentário",IF(TODAY()<=(WORKDAY(L54,3,0)),"No prazo","Atrasado"),IF(O54="Blossom - Documento a emitir","Documento a Emitir",IF(O54="Documento Removido","Documento Removido","ERRO"))))))) -> Documento Removido | O54: =IF(R54="Documento Removido","Documento Removido",IF(M54<>"","Documento Concluído",IF(AND(M54="",Q54="PARA APROVAÇÃO"),"Blossom - Emissão Final",IF(AND(M54="",Q54="APC-L - APC-L - Aprovado com Comentários (Retornar Aprovado)",Q54="APC-R - APC-R - Aprovado com Comentários (Retornar para uma nova Aprovação)"),"Blossom - Atendimento de Comentário",IF(AND(L54<>"",J54="PARA APROVAÇÃO"),"Blossom - Atendimento de Comentário",IF(AND(L54<>"",J54="PRELIMINAR"),"Blossom - Atendimento de Comentário",IF(AND(L54="",J54<>"PARA APROVAÇÃO"),"Cliente - Atendimento de Comentário",IF(AND(L54="",J54<>"PRELIMINAR"),"Cliente - Atendimento de Comentário",IF(AND(K54<>"Documento a emitir",J54="PARA APROVAÇÃO"),"Cliente - Atendimento de Comentário",IF(K54="Documento a emitir","Blossom - Documento a emitir","ERRO")))))))))) -> Documento Removido | P54: =IF(O54="Documento finalizado","Documento finalizado",IF(ISNUMBER(FIND("Cliente",O54)),"Circlua","Blossom")) -> Blossom | Q54: =IF(_xlfn.XLOOKUP(D54,'LD-ELFA'!F:F,'LD-ELFA'!V:V)="","",_xlfn.XLOOKUP(D54,'LD-ELFA'!F:F,'LD-ELFA'!V:V)) -> #N/A | R54: =IFERROR(IF(I54<>"","Documento Emitido",_xlfn.XLOOKUP(D54,Cronograma!P:P,Cronograma!Q:Q)),"Documento Removido") -> Documento Removido | S54: =IFERROR(IF(K54<>"Documento a emitir","Documento Emitido",IF(R54<TODAY(),"Emissão Atrasada","No prazo")),"Documento Removido") -> Documento Removido | T54: =IFERROR(IF(I54<>"","Documento Emitido",_xlfn.XLOOKUP(D54,Cronograma!P:P,Cronograma!R:R)),"Documento Removido") -> Documento Removido | U54: =IFERROR(IF(K54<>"Documento a emitir","Documento Emitido",IF(T54<R54,"Emissão Atrasada","No prazo")),"Documento Removido") -> Documento Removido | V54: =IF(R54="Documento Emitido","Documento Emitido", IF(R54="Documento Removido","Documento Removido", IF(AND(R54-$D$1>=0,R54-$D$1<=7),"Semana 1", IF(AND(R54-$D$1>7,R54-$D$1<=14),"Semana 2",IF(AND(R54-$D$1>14,R54-$D$1<=21),"Semana 3",""))))) -> Documento Removido | W54: =IF(OR(K54="Documento a emitir", K54="Documento Emitido"), "", IF(AND(ISNUMBER(K54), K54>=TODAY()-WEEKDAY(TODAY(),2)-6, K54<=TODAY()-WEEKDAY(TODAY(),2)+5), IF(G54=0, "Emissão Semana", "Atendimento de Comentário"), "")) -> #N/A
A55: 52 | B55: =_xlfn.XLOOKUP(D55,'LD-ELFA'!F:F,'LD-ELFA'!C:C) -> #N/A | C55: =_xlfn.XLOOKUP(D55,'LD-ELFA'!F:F,'LD-ELFA'!D:D) -> #N/A | D55: BL1132-0001-AI-FDA-2033 | E55: =_xlfn.LET(_xlpm.q,_xlfn.XLOOKUP(D55,'LD-ELFA'!F:F,'LD-ELFA'!Q:Q), _xlpm.r,_xlfn.XLOOKUP(D55,'LD-ELFA'!F:F,'LD-ELFA'!R:R), IF(_xlpm.r = "", _xlpm.q, _xlpm.q & " - " & _xlpm.r)) -> #N/A | F55: =IF(ISNUMBER(VALUE(RIGHT(D55,4))), IF(AND(VALUE(RIGHT(D55,4))>=1000, VALUE(RIGHT(D55,4))<2000), "Conceitual", IF(AND(VALUE(RIGHT(D55,4))>=2000, VALUE(RIGHT(D55,4))<3000), "Básico", IF(AND(VALUE(RIGHT(D55,4))>=3000, VALUE(RIGHT(D55,4))<4000), "Detalhado", ""))), "") -> Básico | G55: =_xlfn.XLOOKUP(D55,'LD-ELFA'!F:F,'LD-ELFA'!G:G) -> #N/A | H55: =_xlfn.XLOOKUP(D55,'LD-ELFA'!F:F,'LD-ELFA'!I:I) -> #N/A | I55: =IF(_xlfn.XLOOKUP(D55,'LD-ELFA'!F:F,'LD-ELFA'!T:T)="","",_xlfn.XLOOKUP(D55,'LD-ELFA'!F:F,'LD-ELFA'!T:T)) -> #N/A | J55: =IF(K55="Documento a emitir", "",_xlfn.XLOOKUP(D55,'LD-ELFA'!F:F,'LD-ELFA'!N:N)) -> #N/A | K55: =IF(_xlfn.XLOOKUP($D55,'LD-ELFA'!F:F,'LD-ELFA'!U:U)="","Documento a emitir",_xlfn.XLOOKUP($D55,'LD-ELFA'!F:F,'LD-ELFA'!U:U)) -> #N/A | L55: =IF(K55="Documento a emitir","Documento a emitir",IF(K55<>"Documento a emitir",IF(_xlfn.XLOOKUP(D55,'LD-ELFA'!F:F,'LD-ELFA'!W:W)="","",_xlfn.XLOOKUP(D55,'LD-ELFA'!F:F,'LD-ELFA'!W:W)),"")) -> #N/A | M55: =IF(K55="Documento a emitir","",IF(AND(Q55="APC-R - APC-R - Aprovado com Comentários (Retornar para uma nova Aprovação)",Q55="APC-L - APC-L - Aprovado com Comentários (Retornar Aprovado)"),"",IF(OR(_xlfn.XLOOKUP(D55,'LD-ELFA'!F:F,'LD-ELFA'!N:N)="PARA CONHECIMENTO",_xlfn.XLOOKUP(D55,'LD-ELFA'!F:F,'LD-ELFA'!N:N)="PARA CONSTRUÇÃO",_xlfn.XLOOKUP(D55,'LD-ELFA'!F:F,'LD-ELFA'!N:N)="PARA COTAÇÃO",_xlfn.XLOOKUP(D55,'LD-ELFA'!F:F,'LD-ELFA'!N:N)="CANCELADO"),_xlfn.XLOOKUP(D55,'LD-ELFA'!F:F,'LD-ELFA'!U:U),IF(AND(L55="",J55<>"PARA APROVAÇÃO"),"","")))) -> #N/A | N55: =IF(O55="Documento Concluído","Documento Concluído",IF(O55="Cliente - Atendimento de Comentário",IF(TODAY()<=(K55+3),"No prazo","Atrasado"),IF(O55="Cliente - Atendimento de Comentário",IF(TODAY()<=(WORKDAY(K55,3,0)),"No prazo","Atrasado"),IF(O55="Blossom - Emissão Final",IF(TODAY()<=(WORKDAY(L55,3,0)),"No prazo","Atrasado"),IF(O55="Blossom - Atendimento de Comentário",IF(TODAY()<=(WORKDAY(L55,3,0)),"No prazo","Atrasado"),IF(O55="Blossom - Documento a emitir","Documento a Emitir",IF(O55="Documento Removido","Documento Removido","ERRO"))))))) -> Documento Removido | O55: =IF(R55="Documento Removido","Documento Removido",IF(M55<>"","Documento Concluído",IF(AND(M55="",Q55="PARA APROVAÇÃO"),"Blossom - Emissão Final",IF(AND(M55="",Q55="APC-L - APC-L - Aprovado com Comentários (Retornar Aprovado)",Q55="APC-R - APC-R - Aprovado com Comentários (Retornar para uma nova Aprovação)"),"Blossom - Atendimento de Comentário",IF(AND(L55<>"",J55="PARA APROVAÇÃO"),"Blossom - Atendimento de Comentário",IF(AND(L55<>"",J55="PRELIMINAR"),"Blossom - Atendimento de Comentário",IF(AND(L55="",J55<>"PARA APROVAÇÃO"),"Cliente - Atendimento de Comentário",IF(AND(L55="",J55<>"PRELIMINAR"),"Cliente - Atendimento de Comentário",IF(AND(K55<>"Documento a emitir",J55="PARA APROVAÇÃO"),"Cliente - Atendimento de Comentário",IF(K55="Documento a emitir","Blossom - Documento a emitir","ERRO")))))))))) -> Documento Removido | P55: =IF(O55="Documento finalizado","Documento finalizado",IF(ISNUMBER(FIND("Cliente",O55)),"Circlua","Blossom")) -> Blossom | Q55: =IF(_xlfn.XLOOKUP(D55,'LD-ELFA'!F:F,'LD-ELFA'!V:V)="","",_xlfn.XLOOKUP(D55,'LD-ELFA'!F:F,'LD-ELFA'!V:V)) -> #N/A | R55: =IFERROR(IF(I55<>"","Documento Emitido",_xlfn.XLOOKUP(D55,Cronograma!P:P,Cronograma!Q:Q)),"Documento Removido") -> Documento Removido | S55: =IFERROR(IF(K55<>"Documento a emitir","Documento Emitido",IF(R55<TODAY(),"Emissão Atrasada","No prazo")),"Documento Removido") -> Documento Removido | T55: =IFERROR(IF(I55<>"","Documento Emitido",_xlfn.XLOOKUP(D55,Cronograma!P:P,Cronograma!R:R)),"Documento Removido") -> Documento Removido | U55: =IFERROR(IF(K55<>"Documento a emitir","Documento Emitido",IF(T55<R55,"Emissão Atrasada","No prazo")),"Documento Removido") -> Documento Removido | V55: =IF(R55="Documento Emitido","Documento Emitido", IF(R55="Documento Removido","Documento Removido", IF(AND(R55-$D$1>=0,R55-$D$1<=7),"Semana 1", IF(AND(R55-$D$1>7,R55-$D$1<=14),"Semana 2",IF(AND(R55-$D$1>14,R55-$D$1<=21),"Semana 3",""))))) -> Documento Removido | W55: =IF(OR(K55="Documento a emitir", K55="Documento Emitido"), "", IF(AND(ISNUMBER(K55), K55>=TODAY()-WEEKDAY(TODAY(),2)-6, K55<=TODAY()-WEEKDAY(TODAY(),2)+5), IF(G55=0, "Emissão Semana", "Atendimento de Comentário"), "")) -> #N/A
A56: 53 | B56: =_xlfn.XLOOKUP(D56,'LD-ELFA'!F:F,'LD-ELFA'!C:C) -> #N/A | C56: =_xlfn.XLOOKUP(D56,'LD-ELFA'!F:F,'LD-ELFA'!D:D) -> #N/A | D56: BL1132-0001-AI-FDA-2034 | E56: =_xlfn.LET(_xlpm.q,_xlfn.XLOOKUP(D56,'LD-ELFA'!F:F,'LD-ELFA'!Q:Q), _xlpm.r,_xlfn.XLOOKUP(D56,'LD-ELFA'!F:F,'LD-ELFA'!R:R), IF(_xlpm.r = "", _xlpm.q, _xlpm.q & " - " & _xlpm.r)) -> #N/A | F56: =IF(ISNUMBER(VALUE(RIGHT(D56,4))), IF(AND(VALUE(RIGHT(D56,4))>=1000, VALUE(RIGHT(D56,4))<2000), "Conceitual", IF(AND(VALUE(RIGHT(D56,4))>=2000, VALUE(RIGHT(D56,4))<3000), "Básico", IF(AND(VALUE(RIGHT(D56,4))>=3000, VALUE(RIGHT(D56,4))<4000), "Detalhado", ""))), "") -> Básico | G56: =_xlfn.XLOOKUP(D56,'LD-ELFA'!F:F,'LD-ELFA'!G:G) -> #N/A | H56: =_xlfn.XLOOKUP(D56,'LD-ELFA'!F:F,'LD-ELFA'!I:I) -> #N/A | I56: =IF(_xlfn.XLOOKUP(D56,'LD-ELFA'!F:F,'LD-ELFA'!T:T)="","",_xlfn.XLOOKUP(D56,'LD-ELFA'!F:F,'LD-ELFA'!T:T)) -> #N/A | J56: =IF(K56="Documento a emitir", "",_xlfn.XLOOKUP(D56,'LD-ELFA'!F:F,'LD-ELFA'!N:N)) -> #N/A | K56: =IF(_xlfn.XLOOKUP($D56,'LD-ELFA'!F:F,'LD-ELFA'!U:U)="","Documento a emitir",_xlfn.XLOOKUP($D56,'LD-ELFA'!F:F,'LD-ELFA'!U:U)) -> #N/A | L56: =IF(K56="Documento a emitir","Documento a emitir",IF(K56<>"Documento a emitir",IF(_xlfn.XLOOKUP(D56,'LD-ELFA'!F:F,'LD-ELFA'!W:W)="","",_xlfn.XLOOKUP(D56,'LD-ELFA'!F:F,'LD-ELFA'!W:W)),"")) -> #N/A | M56: =IF(K56="Documento a emitir","",IF(AND(Q56="APC-R - APC-R - Aprovado com Comentários (Retornar para uma nova Aprovação)",Q56="APC-L - APC-L - Aprovado com Comentários (Retornar Aprovado)"),"",IF(OR(_xlfn.XLOOKUP(D56,'LD-ELFA'!F:F,'LD-ELFA'!N:N)="PARA CONHECIMENTO",_xlfn.XLOOKUP(D56,'LD-ELFA'!F:F,'LD-ELFA'!N:N)="PARA CONSTRUÇÃO",_xlfn.XLOOKUP(D56,'LD-ELFA'!F:F,'LD-ELFA'!N:N)="PARA COTAÇÃO",_xlfn.XLOOKUP(D56,'LD-ELFA'!F:F,'LD-ELFA'!N:N)="CANCELADO"),_xlfn.XLOOKUP(D56,'LD-ELFA'!F:F,'LD-ELFA'!U:U),IF(AND(L56="",J56<>"PARA APROVAÇÃO"),"","")))) -> #N/A | N56: =IF(O56="Documento Concluído","Documento Concluído",IF(O56="Cliente - Atendimento de Comentário",IF(TODAY()<=(K56+3),"No prazo","Atrasado"),IF(O56="Cliente - Atendimento de Comentário",IF(TODAY()<=(WORKDAY(K56,3,0)),"No prazo","Atrasado"),IF(O56="Blossom - Emissão Final",IF(TODAY()<=(WORKDAY(L56,3,0)),"No prazo","Atrasado"),IF(O56="Blossom - Atendimento de Comentário",IF(TODAY()<=(WORKDAY(L56,3,0)),"No prazo","Atrasado"),IF(O56="Blossom - Documento a emitir","Documento a Emitir",IF(O56="Documento Removido","Documento Removido","ERRO"))))))) -> Documento Removido | O56: =IF(R56="Documento Removido","Documento Removido",IF(M56<>"","Documento Concluído",IF(AND(M56="",Q56="PARA APROVAÇÃO"),"Blossom - Emissão Final",IF(AND(M56="",Q56="APC-L - APC-L - Aprovado com Comentários (Retornar Aprovado)",Q56="APC-R - APC-R - Aprovado com Comentários (Retornar para uma nova Aprovação)"),"Blossom - Atendimento de Comentário",IF(AND(L56<>"",J56="PARA APROVAÇÃO"),"Blossom - Atendimento de Comentário",IF(AND(L56<>"",J56="PRELIMINAR"),"Blossom - Atendimento de Comentário",IF(AND(L56="",J56<>"PARA APROVAÇÃO"),"Cliente - Atendimento de Comentário",IF(AND(L56="",J56<>"PRELIMINAR"),"Cliente - Atendimento de Comentário",IF(AND(K56<>"Documento a emitir",J56="PARA APROVAÇÃO"),"Cliente - Atendimento de Comentário",IF(K56="Documento a emitir","Blossom - Documento a emitir","ERRO")))))))))) -> Documento Removido | P56: =IF(O56="Documento finalizado","Documento finalizado",IF(ISNUMBER(FIND("Cliente",O56)),"Circlua","Blossom")) -> Blossom | Q56: =IF(_xlfn.XLOOKUP(D56,'LD-ELFA'!F:F,'LD-ELFA'!V:V)="","",_xlfn.XLOOKUP(D56,'LD-ELFA'!F:F,'LD-ELFA'!V:V)) -> #N/A | R56: =IFERROR(IF(I56<>"","Documento Emitido",_xlfn.XLOOKUP(D56,Cronograma!P:P,Cronograma!Q:Q)),"Documento Removido") -> Documento Removido | S56: =IFERROR(IF(K56<>"Documento a emitir","Documento Emitido",IF(R56<TODAY(),"Emissão Atrasada","No prazo")),"Documento Removido") -> Documento Removido | T56: =IFERROR(IF(I56<>"","Documento Emitido",_xlfn.XLOOKUP(D56,Cronograma!P:P,Cronograma!R:R)),"Documento Removido") -> Documento Removido | U56: =IFERROR(IF(K56<>"Documento a emitir","Documento Emitido",IF(T56<R56,"Emissão Atrasada","No prazo")),"Documento Removido") -> Documento Removido | V56: =IF(R56="Documento Emitido","Documento Emitido", IF(R56="Documento Removido","Documento Removido", IF(AND(R56-$D$1>=0,R56-$D$1<=7),"Semana 1", IF(AND(R56-$D$1>7,R56-$D$1<=14),"Semana 2",IF(AND(R56-$D$1>14,R56-$D$1<=21),"Semana 3",""))))) -> Documento Removido | W56: =IF(OR(K56="Documento a emitir", K56="Documento Emitido"), "", IF(AND(ISNUMBER(K56), K56>=TODAY()-WEEKDAY(TODAY(),2)-6, K56<=TODAY()-WEEKDAY(TODAY(),2)+5), IF(G56=0, "Emissão Semana", "Atendimento de Comentário"), "")) -> #N/A
A57: 54 | B57: =_xlfn.XLOOKUP(D57,'LD-ELFA'!F:F,'LD-ELFA'!C:C) -> #N/A | C57: =_xlfn.XLOOKUP(D57,'LD-ELFA'!F:F,'LD-ELFA'!D:D) -> #N/A | D57: BL1132-0001-AI-FDA-2035 | E57: =_xlfn.LET(_xlpm.q,_xlfn.XLOOKUP(D57,'LD-ELFA'!F:F,'LD-ELFA'!Q:Q), _xlpm.r,_xlfn.XLOOKUP(D57,'LD-ELFA'!F:F,'LD-ELFA'!R:R), IF(_xlpm.r = "", _xlpm.q, _xlpm.q & " - " & _xlpm.r)) -> #N/A | F57: =IF(ISNUMBER(VALUE(RIGHT(D57,4))), IF(AND(VALUE(RIGHT(D57,4))>=1000, VALUE(RIGHT(D57,4))<2000), "Conceitual", IF(AND(VALUE(RIGHT(D57,4))>=2000, VALUE(RIGHT(D57,4))<3000), "Básico", IF(AND(VALUE(RIGHT(D57,4))>=3000, VALUE(RIGHT(D57,4))<4000), "Detalhado", ""))), "") -> Básico | G57: =_xlfn.XLOOKUP(D57,'LD-ELFA'!F:F,'LD-ELFA'!G:G) -> #N/A | H57: =_xlfn.XLOOKUP(D57,'LD-ELFA'!F:F,'LD-ELFA'!I:I) -> #N/A | I57: =IF(_xlfn.XLOOKUP(D57,'LD-ELFA'!F:F,'LD-ELFA'!T:T)="","",_xlfn.XLOOKUP(D57,'LD-ELFA'!F:F,'LD-ELFA'!T:T)) -> #N/A | J57: =IF(K57="Documento a emitir", "",_xlfn.XLOOKUP(D57,'LD-ELFA'!F:F,'LD-ELFA'!N:N)) -> #N/A | K57: =IF(_xlfn.XLOOKUP($D57,'LD-ELFA'!F:F,'LD-ELFA'!U:U)="","Documento a emitir",_xlfn.XLOOKUP($D57,'LD-ELFA'!F:F,'LD-ELFA'!U:U)) -> #N/A | L57: =IF(K57="Documento a emitir","Documento a emitir",IF(K57<>"Documento a emitir",IF(_xlfn.XLOOKUP(D57,'LD-ELFA'!F:F,'LD-ELFA'!W:W)="","",_xlfn.XLOOKUP(D57,'LD-ELFA'!F:F,'LD-ELFA'!W:W)),"")) -> #N/A | M57: =IF(K57="Documento a emitir","",IF(AND(Q57="APC-R - APC-R - Aprovado com Comentários (Retornar para uma nova Aprovação)",Q57="APC-L - APC-L - Aprovado com Comentários (Retornar Aprovado)"),"",IF(OR(_xlfn.XLOOKUP(D57,'LD-ELFA'!F:F,'LD-ELFA'!N:N)="PARA CONHECIMENTO",_xlfn.XLOOKUP(D57,'LD-ELFA'!F:F,'LD-ELFA'!N:N)="PARA CONSTRUÇÃO",_xlfn.XLOOKUP(D57,'LD-ELFA'!F:F,'LD-ELFA'!N:N)="PARA COTAÇÃO",_xlfn.XLOOKUP(D57,'LD-ELFA'!F:F,'LD-ELFA'!N:N)="CANCELADO"),_xlfn.XLOOKUP(D57,'LD-ELFA'!F:F,'LD-ELFA'!U:U),IF(AND(L57="",J57<>"PARA APROVAÇÃO"),"","")))) -> #N/A | N57: =IF(O57="Documento Concluído","Documento Concluído",IF(O57="Cliente - Atendimento de Comentário",IF(TODAY()<=(K57+3),"No prazo","Atrasado"),IF(O57="Cliente - Atendimento de Comentário",IF(TODAY()<=(WORKDAY(K57,3,0)),"No prazo","Atrasado"),IF(O57="Blossom - Emissão Final",IF(TODAY()<=(WORKDAY(L57,3,0)),"No prazo","Atrasado"),IF(O57="Blossom - Atendimento de Comentário",IF(TODAY()<=(WORKDAY(L57,3,0)),"No prazo","Atrasado"),IF(O57="Blossom - Documento a emitir","Documento a Emitir",IF(O57="Documento Removido","Documento Removido","ERRO"))))))) -> Documento Removido | O57: =IF(R57="Documento Removido","Documento Removido",IF(M57<>"","Documento Concluído",IF(AND(M57="",Q57="PARA APROVAÇÃO"),"Blossom - Emissão Final",IF(AND(M57="",Q57="APC-L - APC-L - Aprovado com Comentários (Retornar Aprovado)",Q57="APC-R - APC-R - Aprovado com Comentários (Retornar para uma nova Aprovação)"),"Blossom - Atendimento de Comentário",IF(AND(L57<>"",J57="PARA APROVAÇÃO"),"Blossom - Atendimento de Comentário",IF(AND(L57<>"",J57="PRELIMINAR"),"Blossom - Atendimento de Comentário",IF(AND(L57="",J57<>"PARA APROVAÇÃO"),"Cliente - Atendimento de Comentário",IF(AND(L57="",J57<>"PRELIMINAR"),"Cliente - Atendimento de Comentário",IF(AND(K57<>"Documento a emitir",J57="PARA APROVAÇÃO"),"Cliente - Atendimento de Comentário",IF(K57="Documento a emitir","Blossom - Documento a emitir","ERRO")))))))))) -> Documento Removido | P57: =IF(O57="Documento finalizado","Documento finalizado",IF(ISNUMBER(FIND("Cliente",O57)),"Circlua","Blossom")) -> Blossom | Q57: =IF(_xlfn.XLOOKUP(D57,'LD-ELFA'!F:F,'LD-ELFA'!V:V)="","",_xlfn.XLOOKUP(D57,'LD-ELFA'!F:F,'LD-ELFA'!V:V)) -> #N/A | R57: =IFERROR(IF(I57<>"","Documento Emitido",_xlfn.XLOOKUP(D57,Cronograma!P:P,Cronograma!Q:Q)),"Documento Removido") -> Documento Removido | S57: =IFERROR(IF(K57<>"Documento a emitir","Documento Emitido",IF(R57<TODAY(),"Emissão Atrasada","No prazo")),"Documento Removido") -> Documento Removido | T57: =IFERROR(IF(I57<>"","Documento Emitido",_xlfn.XLOOKUP(D57,Cronograma!P:P,Cronograma!R:R)),"Documento Removido") -> Documento Removido | U57: =IFERROR(IF(K57<>"Documento a emitir","Documento Emitido",IF(T57<R57,"Emissão Atrasada","No prazo")),"Documento Removido") -> Documento Removido | V57: =IF(R57="Documento Emitido","Documento Emitido", IF(R57="Documento Removido","Documento Removido", IF(AND(R57-$D$1>=0,R57-$D$1<=7),"Semana 1", IF(AND(R57-$D$1>7,R57-$D$1<=14),"Semana 2",IF(AND(R57-$D$1>14,R57-$D$1<=21),"Semana 3",""))))) -> Documento Removido | W57: =IF(OR(K57="Documento a emitir", K57="Documento Emitido"), "", IF(AND(ISNUMBER(K57), K57>=TODAY()-WEEKDAY(TODAY(),2)-6, K57<=TODAY()-WEEKDAY(TODAY(),2)+5), IF(G57=0, "Emissão Semana", "Atendimento de Comentário"), "")) -> #N/A
A58: 55 | B58: =_xlfn.XLOOKUP(D58,'LD-ELFA'!F:F,'LD-ELFA'!C:C) -> #N/A | C58: =_xlfn.XLOOKUP(D58,'LD-ELFA'!F:F,'LD-ELFA'!D:D) -> #N/A | D58: BL1132-0001-AI-FDA-2036 | E58: =_xlfn.LET(_xlpm.q,_xlfn.XLOOKUP(D58,'LD-ELFA'!F:F,'LD-ELFA'!Q:Q), _xlpm.r,_xlfn.XLOOKUP(D58,'LD-ELFA'!F:F,'LD-ELFA'!R:R), IF(_xlpm.r = "", _xlpm.q, _xlpm.q & " - " & _xlpm.r)) -> #N/A | F58: =IF(ISNUMBER(VALUE(RIGHT(D58,4))), IF(AND(VALUE(RIGHT(D58,4))>=1000, VALUE(RIGHT(D58,4))<2000), "Conceitual", IF(AND(VALUE(RIGHT(D58,4))>=2000, VALUE(RIGHT(D58,4))<3000), "Básico", IF(AND(VALUE(RIGHT(D58,4))>=3000, VALUE(RIGHT(D58,4))<4000), "Detalhado", ""))), "") -> Básico | G58: =_xlfn.XLOOKUP(D58,'LD-ELFA'!F:F,'LD-ELFA'!G:G) -> #N/A | H58: =_xlfn.XLOOKUP(D58,'LD-ELFA'!F:F,'LD-ELFA'!I:I) -> #N/A | I58: =IF(_xlfn.XLOOKUP(D58,'LD-ELFA'!F:F,'LD-ELFA'!T:T)="","",_xlfn.XLOOKUP(D58,'LD-ELFA'!F:F,'LD-ELFA'!T:T)) -> #N/A | J58: =IF(K58="Documento a emitir", "",_xlfn.XLOOKUP(D58,'LD-ELFA'!F:F,'LD-ELFA'!N:N)) -> #N/A | K58: =IF(_xlfn.XLOOKUP($D58,'LD-ELFA'!F:F,'LD-ELFA'!U:U)="","Documento a emitir",_xlfn.XLOOKUP($D58,'LD-ELFA'!F:F,'LD-ELFA'!U:U)) -> #N/A | L58: =IF(K58="Documento a emitir","Documento a emitir",IF(K58<>"Documento a emitir",IF(_xlfn.XLOOKUP(D58,'LD-ELFA'!F:F,'LD-ELFA'!W:W)="","",_xlfn.XLOOKUP(D58,'LD-ELFA'!F:F,'LD-ELFA'!W:W)),"")) -> #N/A | M58: =IF(K58="Documento a emitir","",IF(AND(Q58="APC-R - APC-R - Aprovado com Comentários (Retornar para uma nova Aprovação)",Q58="APC-L - APC-L - Aprovado com Comentários (Retornar Aprovado)"),"",IF(OR(_xlfn.XLOOKUP(D58,'LD-ELFA'!F:F,'LD-ELFA'!N:N)="PARA CONHECIMENTO",_xlfn.XLOOKUP(D58,'LD-ELFA'!F:F,'LD-ELFA'!N:N)="PARA CONSTRUÇÃO",_xlfn.XLOOKUP(D58,'LD-ELFA'!F:F,'LD-ELFA'!N:N)="PARA COTAÇÃO",_xlfn.XLOOKUP(D58,'LD-ELFA'!F:F,'LD-ELFA'!N:N)="CANCELADO"),_xlfn.XLOOKUP(D58,'LD-ELFA'!F:F,'LD-ELFA'!U:U),IF(AND(L58="",J58<>"PARA APROVAÇÃO"),"","")))) -> #N/A | N58: =IF(O58="Documento Concluído","Documento Concluído",IF(O58="Cliente - Atendimento de Comentário",IF(TODAY()<=(K58+3),"No prazo","Atrasado"),IF(O58="Cliente - Atendimento de Comentário",IF(TODAY()<=(WORKDAY(K58,3,0)),"No prazo","Atrasado"),IF(O58="Blossom - Emissão Final",IF(TODAY()<=(WORKDAY(L58,3,0)),"No prazo","Atrasado"),IF(O58="Blossom - Atendimento de Comentário",IF(TODAY()<=(WORKDAY(L58,3,0)),"No prazo","Atrasado"),IF(O58="Blossom - Documento a emitir","Documento a Emitir",IF(O58="Documento Removido","Documento Removido","ERRO"))))))) -> Documento Removido | O58: =IF(R58="Documento Removido","Documento Removido",IF(M58<>"","Documento Concluído",IF(AND(M58="",Q58="PARA APROVAÇÃO"),"Blossom - Emissão Final",IF(AND(M58="",Q58="APC-L - APC-L - Aprovado com Comentários (Retornar Aprovado)",Q58="APC-R - APC-R - Aprovado com Comentários (Retornar para uma nova Aprovação)"),"Blossom - Atendimento de Comentário",IF(AND(L58<>"",J58="PARA APROVAÇÃO"),"Blossom - Atendimento de Comentário",IF(AND(L58<>"",J58="PRELIMINAR"),"Blossom - Atendimento de Comentário",IF(AND(L58="",J58<>"PARA APROVAÇÃO"),"Cliente - Atendimento de Comentário",IF(AND(L58="",J58<>"PRELIMINAR"),"Cliente - Atendimento de Comentário",IF(AND(K58<>"Documento a emitir",J58="PARA APROVAÇÃO"),"Cliente - Atendimento de Comentário",IF(K58="Documento a emitir","Blossom - Documento a emitir","ERRO")))))))))) -> Documento Removido | P58: =IF(O58="Documento finalizado","Documento finalizado",IF(ISNUMBER(FIND("Cliente",O58)),"Circlua","Blossom")) -> Blossom | Q58: =IF(_xlfn.XLOOKUP(D58,'LD-ELFA'!F:F,'LD-ELFA'!V:V)="","",_xlfn.XLOOKUP(D58,'LD-ELFA'!F:F,'LD-ELFA'!V:V)) -> #N/A | R58: =IFERROR(IF(I58<>"","Documento Emitido",_xlfn.XLOOKUP(D58,Cronograma!P:P,Cronograma!Q:Q)),"Documento Removido") -> Documento Removido | S58: =IFERROR(IF(K58<>"Documento a emitir","Documento Emitido",IF(R58<TODAY(),"Emissão Atrasada","No prazo")),"Documento Removido") -> Documento Removido | T58: =IFERROR(IF(I58<>"","Documento Emitido",_xlfn.XLOOKUP(D58,Cronograma!P:P,Cronograma!R:R)),"Documento Removido") -> Documento Removido | U58: =IFERROR(IF(K58<>"Documento a emitir","Documento Emitido",IF(T58<R58,"Emissão Atrasada","No prazo")),"Documento Removido") -> Documento Removido | V58: =IF(R58="Documento Emitido","Documento Emitido", IF(R58="Documento Removido","Documento Removido", IF(AND(R58-$D$1>=0,R58-$D$1<=7),"Semana 1", IF(AND(R58-$D$1>7,R58-$D$1<=14),"Semana 2",IF(AND(R58-$D$1>14,R58-$D$1<=21),"Semana 3",""))))) -> Documento Removido | W58: =IF(OR(K58="Documento a emitir", K58="Documento Emitido"), "", IF(AND(ISNUMBER(K58), K58>=TODAY()-WEEKDAY(TODAY(),2)-6, K58<=TODAY()-WEEKDAY(TODAY(),2)+5), IF(G58=0, "Emissão Semana", "Atendimento de Comentário"), "")) -> #N/A
A59: 56 | B59: =_xlfn.XLOOKUP(D59,'LD-ELFA'!F:F,'LD-ELFA'!C:C) -> AI - Automacao E Instrumentacao | C59: =_xlfn.XLOOKUP(D59,'LD-ELFA'!F:F,'LD-ELFA'!D:D) -> FDA - Folha De Dados | D59: BL1132-0001-AI-FDA-2037 | E59: =_xlfn.LET(_xlpm.q,_xlfn.XLOOKUP(D59,'LD-ELFA'!F:F,'LD-ELFA'!Q:Q), _xlpm.r,_xlfn.XLOOKUP(D59,'LD-ELFA'!F:F,'LD-ELFA'!R:R), IF(_xlpm.r = "", _xlpm.q, _xlpm.q & " - " & _xlpm.r)) -> FOLHA DE DADOS - CHAVE DE NÍVEL CAPACITIVA | F59: =IF(ISNUMBER(VALUE(RIGHT(D59,4))), IF(AND(VALUE(RIGHT(D59,4))>=1000, VALUE(RIGHT(D59,4))<2000), "Conceitual", IF(AND(VALUE(RIGHT(D59,4))>=2000, VALUE(RIGHT(D59,4))<3000), "Básico", IF(AND(VALUE(RIGHT(D59,4))>=3000, VALUE(RIGHT(D59,4))<4000), "Detalhado", ""))), "") -> Básico | G59: =_xlfn.XLOOKUP(D59,'LD-ELFA'!F:F,'LD-ELFA'!G:G) -> 0 | H59: =_xlfn.XLOOKUP(D59,'LD-ELFA'!F:F,'LD-ELFA'!I:I) -> A | I59: =IF(_xlfn.XLOOKUP(D59,'LD-ELFA'!F:F,'LD-ELFA'!T:T)="","",_xlfn.XLOOKUP(D59,'LD-ELFA'!F:F,'LD-ELFA'!T:T)) -> 0033 | J59: =IF(K59="Documento a emitir", "",_xlfn.XLOOKUP(D59,'LD-ELFA'!F:F,'LD-ELFA'!N:N)) -> PARA APROVAÇÃO | K59: =IF(_xlfn.XLOOKUP($D59,'LD-ELFA'!F:F,'LD-ELFA'!U:U)="","Documento a emitir",_xlfn.XLOOKUP($D59,'LD-ELFA'!F:F,'LD-ELFA'!U:U)) -> 46213.7 | L59: =IF(K59="Documento a emitir","Documento a emitir",IF(K59<>"Documento a emitir",IF(_xlfn.XLOOKUP(D59,'LD-ELFA'!F:F,'LD-ELFA'!W:W)="","",_xlfn.XLOOKUP(D59,'LD-ELFA'!F:F,'LD-ELFA'!W:W)),"")) | M59: =IF(K59="Documento a emitir","",IF(AND(Q59="APC-R - APC-R - Aprovado com Comentários (Retornar para uma nova Aprovação)",Q59="APC-L - APC-L - Aprovado com Comentários (Retornar Aprovado)"),"",IF(OR(_xlfn.XLOOKUP(D59,'LD-ELFA'!F:F,'LD-ELFA'!N:N)="PARA CONHECIMENTO",_xlfn.XLOOKUP(D59,'LD-ELFA'!F:F,'LD-ELFA'!N:N)="PARA CONSTRUÇÃO",_xlfn.XLOOKUP(D59,'LD-ELFA'!F:F,'LD-ELFA'!N:N)="PARA COTAÇÃO",_xlfn.XLOOKUP(D59,'LD-ELFA'!F:F,'LD-ELFA'!N:N)="CANCELADO"),_xlfn.XLOOKUP(D59,'LD-ELFA'!F:F,'LD-ELFA'!U:U),IF(AND(L59="",J59<>"PARA APROVAÇÃO"),"","")))) | N59: =IF(O59="Documento Concluído","Documento Concluído",IF(O59="Cliente - Atendimento de Comentário",IF(TODAY()<=(K59+3),"No prazo","Atrasado"),IF(O59="Cliente - Atendimento de Comentário",IF(TODAY()<=(WORKDAY(K59,3,0)),"No prazo","Atrasado"),IF(O59="Blossom - Emissão Final",IF(TODAY()<=(WORKDAY(L59,3,0)),"No prazo","Atrasado"),IF(O59="Blossom - Atendimento de Comentário",IF(TODAY()<=(WORKDAY(L59,3,0)),"No prazo","Atrasado"),IF(O59="Blossom - Documento a emitir","Documento a Emitir",IF(O59="Documento Removido","Documento Removido","ERRO"))))))) -> Atrasado | O59: =IF(R59="Documento Removido","Documento Removido",IF(M59<>"","Documento Concluído",IF(AND(M59="",Q59="PARA APROVAÇÃO"),"Blossom - Emissão Final",IF(AND(M59="",Q59="APC-L - APC-L - Aprovado com Comentários (Retornar Aprovado)",Q59="APC-R - APC-R - Aprovado com Comentários (Retornar para uma nova Aprovação)"),"Blossom - Atendimento de Comentário",IF(AND(L59<>"",J59="PARA APROVAÇÃO"),"Blossom - Atendimento de Comentário",IF(AND(L59<>"",J59="PRELIMINAR"),"Blossom - Atendimento de Comentário",IF(AND(L59="",J59<>"PARA APROVAÇÃO"),"Cliente - Atendimento de Comentário",IF(AND(L59="",J59<>"PRELIMINAR"),"Cliente - Atendimento de Comentário",IF(AND(K59<>"Documento a emitir",J59="PARA APROVAÇÃO"),"Cliente - Atendimento de Comentário",IF(K59="Documento a emitir","Blossom - Documento a emitir","ERRO")))))))))) -> Cliente - Atendimento de Comentário | P59: =IF(O59="Documento finalizado","Documento finalizado",IF(ISNUMBER(FIND("Cliente",O59)),"Circlua","Blossom")) -> Circlua | Q59: =IF(_xlfn.XLOOKUP(D59,'LD-ELFA'!F:F,'LD-ELFA'!V:V)="","",_xlfn.XLOOKUP(D59,'LD-ELFA'!F:F,'LD-ELFA'!V:V)) | R59: =IFERROR(IF(I59<>"","Documento Emitido",_xlfn.XLOOKUP(D59,Cronograma!P:P,Cronograma!Q:Q)),"Documento Removido") -> Documento Emitido | S59: =IFERROR(IF(K59<>"Documento a emitir","Documento Emitido",IF(R59<TODAY(),"Emissão Atrasada","No prazo")),"Documento Removido") -> Documento Emitido | T59: =IFERROR(IF(I59<>"","Documento Emitido",_xlfn.XLOOKUP(D59,Cronograma!P:P,Cronograma!R:R)),"Documento Removido") -> Documento Emitido | U59: =IFERROR(IF(K59<>"Documento a emitir","Documento Emitido",IF(T59<R59,"Emissão Atrasada","No prazo")),"Documento Removido") -> Documento Emitido | V59: =IF(R59="Documento Emitido","Documento Emitido", IF(R59="Documento Removido","Documento Removido", IF(AND(R59-$D$1>=0,R59-$D$1<=7),"Semana 1", IF(AND(R59-$D$1>7,R59-$D$1<=14),"Semana 2",IF(AND(R59-$D$1>14,R59-$D$1<=21),"Semana 3",""))))) -> Documento Emitido | W59: =IF(OR(K59="Documento a emitir", K59="Documento Emitido"), "", IF(AND(ISNUMBER(K59), K59>=TODAY()-WEEKDAY(TODAY(),2)-6, K59<=TODAY()-WEEKDAY(TODAY(),2)+5), IF(G59=0, "Emissão Semana", "Atendimento de Comentário"), "")) -> Emissão Semana
